Sunrise,DayLengthOut,TOPPID,Year,Month,Day,Hour,Minute,Second,JulDate,SmoothedSunrise,Sunset,Year,Month,Day,Hour,Minute,Second,JulDate,SmoothedSunset,SmoothedDaylength
5/29/2004 12:19,15.73480392,2004018,2004,5,29,12,19,54,732096.5138,12.35406164,5/30/2004 4:04,2004,5,30,4,4,0,732097.1694,4.001209195,15.64714755
5/30/2004 12:21,15.69146141,2004018,2004,5,30,12,21,39,732097.515,12.36472108,5/31/2004 4:03,2004,5,31,4,3,8,732098.1688,4.082714395,15.71799332
5/31/2004 12:22,15.81131579,2004018,2004,5,31,12,22,54,732098.5159,12.37537732,6/1/2004 4:11,2004,6,1,4,11,34,732099.1747,4.164749697,15.78937238
6/1/2004 12:27,15.70584058,2004018,2004,6,1,12,27,46,732099.5193,12.386504,6/2/2004 4:10,2004,6,2,4,10,7,732100.1737,4.246425195,15.85992119
6/2/2004 12:25,15.91265432,2004018,2004,6,2,12,25,11,732100.5175,12.39757302,6/3/2004 4:19,2004,6,3,4,19,56,732101.1805,4.328738399,15.93116538
6/3/2004 12:22,15.72437276,2004018,2004,6,3,12,22,40,732101.5157,12.40921933,6/4/2004 4:06,2004,6,4,4,6,7,732102.1709,4.409742748,16.00052341
6/4/2004 12:20,16.12538889,2004018,2004,6,4,12,20,33,732102.5143,12.42087031,6/5/2004 4:28,2004,6,5,4,28,5,732103.1862,4.492783656,16.07191334
6/5/2004 12:28,16.08636856,2004018,2004,6,5,12,28,52,732103.52,12.43236419,6/6/2004 4:34,2004,6,6,4,34,2,732104.1903,4.575803846,16.14343966
6/6/2004 12:26,16.30142244,2004018,2004,6,6,12,26,10,732104.5182,12.44377235,6/7/2004 4:44,2004,6,7,4,44,15,732105.1974,4.659072079,16.21529973
6/7/2004 12:20,16.46313933,2004018,2004,6,7,12,20,55,732105.5145,12.45568193,6/8/2004 4:48,2004,6,8,4,48,42,732106.2005,4.749598923,16.29391699
6/8/2004 12:32,16.23925983,2004018,2004,6,8,12,32,36,732106.5226,12.46773256,6/9/2004 4:46,2004,6,9,4,46,57,732107.1993,4.839737704,16.37200514
6/9/2004 12:25,16.24775112,2004018,2004,6,9,12,25,28,732107.5177,12.48408973,6/10/2004 4:40,2004,6,10,4,40,20,732108.1947,4.935849211,16.45175948
6/10/2004 12:29,16.44467593,2004018,2004,6,10,12,29,26,732108.5204,12.50057183,6/11/2004 4:56,2004,6,11,4,56,7,732109.2056,5.03345733,16.5328855
6/11/2004 12:41,16.40517511,2004018,2004,6,11,12,41,48,732109.529,12.51912886,6/12/2004 5:06,2004,6,12,5,6,6,732110.2126,5.130201108,16.61107225
6/12/2004 12:33,16.75381944,2004018,2004,6,12,12,33,48,732110.5235,12.53742646,6/13/2004 5:19,2004,6,13,5,19,2,732111.2216,5.227137028,16.68971057
6/13/2004 12:25,17.04086687,2004018,2004,6,13,12,25,42,732111.5178,12.56599931,6/14/2004 5:28,2004,6,14,5,28,9,732112.2279,5.318520768,16.75252145
6/14/2004 12:29,16.87324561,2004018,2004,6,14,12,29,30,732112.5205,12.59481355,6/15/2004 5:21,2004,6,15,5,21,53,732113.2235,5.408932824,16.81411927
6/15/2004 12:45,16.88725174,2004018,2004,6,15,12,45,54,732113.5319,12.63380698,6/16/2004 5:39,2004,6,16,5,39,8,732114.2355,5.499458702,16.86565173
6/16/2004 12:31,0.568753953,2004018,2004,6,16,12,31,34,732114.5219,12.67197535,6/16/2004 13:05,2004,6,16,13,5,42,732114.5456,5.527197907,16.85522256
6/16/2004 13:07,16.02460317,2004018,2004,6,16,13,7,31,732114.5469,12.67293919,6/17/2004 5:09,2004,6,17,5,9,0,732115.2146,5.587041595,16.9141024
6/17/2004 12:35,17.17156863,2004018,2004,6,17,12,35,42,732115.5248,12.72079296,6/18/2004 5:46,2004,6,18,5,46,0,732116.2403,5.665855511,16.94506255
6/18/2004 12:41,17.01155015,2004018,2004,6,18,12,41,1,732116.5285,12.76990925,6/19/2004 5:41,2004,6,19,5,41,42,732117.2373,5.742464144,16.9725549
6/19/2004 12:53,16.86395534,2004018,2004,6,19,12,53,38,732117.5372,12.84008832,6/20/2004 5:45,2004,6,20,5,45,28,732118.2399,5.803771613,16.96368329
6/20/2004 12:53,17,2004018,2004,6,20,12,53,0,732118.5368,12.90963427,6/21/2004 5:53,2004,6,21,5,53,0,732119.2451,5.865238069,16.9556038
6/21/2004 12:59,17.03913043,2004018,2004,6,21,12,59,0,732119.541,12.99171144,6/22/2004 6:01,2004,6,22,6,1,20,732120.2509,5.915192957,16.92348152
6/22/2004 13:02,17.03690476,2004018,2004,6,22,13,2,47,732120.5436,13.07365783,6/23/2004 6:05,2004,6,23,6,5,0,732121.2535,5.964988912,16.89133108
6/23/2004 12:59,16.9615942,2004018,2004,6,23,12,59,0,732121.541,13.16065214,6/24/2004 5:56,2004,6,24,5,56,41,732122.2477,6.004893924,16.84424178
6/24/2004 13:26,16.58736111,2004018,2004,6,24,13,26,35,732122.5601,13.24953916,6/25/2004 6:01,2004,6,25,6,1,49,732123.2513,6.045176231,16.79563707
6/25/2004 13:24,16.05191799,2004018,2004,6,25,13,24,6,732123.5584,13.33776531,6/26/2004 5:27,2004,6,26,5,27,13,732124.2272,6.076273755,16.73850844
6/26/2004 13:25,16.70159327,2004018,2004,6,26,13,25,12,732124.5592,13.42621241,6/27/2004 6:07,2004,6,27,6,7,18,732125.2551,6.109028284,16.68281588
6/27/2004 13:22,16.85714286,2004018,2004,6,27,13,22,0,732125.5569,13.51718924,6/28/2004 6:13,2004,6,28,6,13,25,732126.2593,6.135414234,16.618225
6/28/2004 13:36,16.61190476,2004018,2004,6,28,13,36,51,732126.5673,13.60932414,6/29/2004 6:13,2004,6,29,6,13,34,732127.2594,6.161692455,16.55236831
6/29/2004 13:45,16.40925926,2004018,2004,6,29,13,45,26,732127.5732,13.69875128,6/30/2004 6:10,2004,6,30,6,10,0,732128.2569,6.187522286,16.488771
6/30/2004 13:44,16.49393939,2004018,2004,6,30,13,44,10,732128.5723,13.78757389,7/1/2004 6:13,2004,7,1,6,13,49,732129.2596,6.213486768,16.42591288
7/1/2004 13:52,16.20732601,2004018,2004,7,1,13,52,42,732129.5783,13.86878897,7/2/2004 6:05,2004,7,2,6,5,9,732130.2536,6.237965603,16.36917663
7/2/2004 13:56,16.32138889,2004018,2004,7,2,13,56,10,732130.5807,13.94971343,7/3/2004 6:15,2004,7,3,6,15,27,732131.2607,6.262767047,16.31305362
7/3/2004 14:12,16.07048976,2004018,2004,7,3,14,12,22,732131.5919,14.02857337,7/4/2004 6:16,2004,7,4,6,16,36,732132.2615,6.286512146,16.25793878
7/4/2004 14:13,16.03888889,2004018,2004,7,4,14,13,40,732132.5928,14.10663005,7/5/2004 6:16,2004,7,5,6,16,0,732133.2611,6.310228773,16.20359873
7/5/2004 14:15,16.18384615,2004018,2004,7,5,14,15,12,732133.5939,14.18321403,7/6/2004 6:26,2004,7,6,6,26,13,732134.2682,6.338412949,16.15519892
7/6/2004 14:11,16.15955556,2004018,2004,7,6,14,11,40,732134.5914,14.25952261,7/7/2004 6:21,2004,7,7,6,21,14,732135.2647,6.366300478,16.10677787
7/7/2004 14:13,16.15238095,2004018,2004,7,7,14,13,51,732135.593,14.32892777,7/8/2004 6:23,2004,7,8,6,23,0,732136.266,6.397419595,16.06849182
7/8/2004 14:21,16.10039474,2004018,2004,7,8,14,21,31,732136.5983,14.39858933,7/9/2004 6:27,2004,7,9,6,27,33,732137.2691,6.428594653,16.03000533
7/9/2004 17:17,13.02516681,2004018,2004,7,9,17,17,53,732137.7208,14.46529826,7/10/2004 6:19,2004,7,10,6,19,24,732138.2635,6.45855027,15.99325201
7/10/2004 14:34,16.0077381,2004018,2004,7,10,14,34,17,732138.6071,14.51797008,7/11/2004 6:34,2004,7,11,6,34,45,732139.2741,6.488993901,15.97102382
7/11/2004 14:39,15.83466667,2004018,2004,7,11,14,39,0,732139.6104,14.57530854,7/12/2004 6:29,2004,7,12,6,29,4,732140.2702,6.517373831,15.94206529
7/12/2004 14:45,15.81678195,2004018,2004,7,12,14,45,20,732140.6148,14.63270985,7/13/2004 6:34,2004,7,13,6,34,20,732141.2738,6.545967444,15.91325759
7/13/2004 14:43,15.89034483,2004018,2004,7,13,14,43,12,732141.6133,14.6901505,7/14/2004 6:36,2004,7,14,6,36,37,732142.2754,6.571823526,15.88167303
7/14/2004 14:39,15.87408333,2004018,2004,7,14,14,39,40,732142.6109,14.74753936,7/15/2004 6:32,2004,7,15,6,32,7,732143.2723,6.597558278,15.85001892
7/15/2004 14:50,15.86321839,2004018,2004,7,15,14,50,18,732143.6183,14.79831436,7/16/2004 6:42,2004,7,16,6,42,6,732144.2792,6.618715371,15.82040101
7/16/2004 14:44,15.91021407,2004018,2004,7,16,14,44,35,732144.6143,14.84851478,7/17/2004 6:39,2004,7,17,6,39,12,732145.2772,6.639685456,15.79117068
7/17/2004 14:54,15.76010558,2004018,2004,7,17,14,54,28,732145.6212,14.8973224,7/18/2004 6:40,2004,7,18,6,40,4,732146.2778,6.658021598,15.7606992
7/18/2004 14:57,15.78538279,2004018,2004,7,18,14,57,17,732146.6231,14.94588765,7/19/2004 6:44,2004,7,19,6,44,24,732147.2808,6.67640172,15.73051407
7/19/2004 14:58,15.72918871,2004018,2004,7,19,14,58,17,732147.6238,14.99717508,7/20/2004 6:42,2004,7,20,6,42,2,732148.2792,6.694351893,15.69717681
7/20/2004 15:18,15.36989756,2004018,2004,7,20,15,18,21,732148.6377,15.04913902,7/21/2004 6:40,2004,7,21,6,40,33,732149.2782,6.712312853,15.66317383
7/21/2004 15:01,15.62203065,2004018,2004,7,21,15,1,20,732149.6259,15.09886253,7/22/2004 6:38,2004,7,22,6,38,40,732150.2769,6.728151776,15.62928924
7/22/2004 15:16,15.43580247,2004018,2004,7,22,15,16,40,732150.6366,15.14971818,7/23/2004 6:42,2004,7,23,6,42,48,732151.2797,6.744055723,15.59433754
7/23/2004 15:12,15.59854312,2004018,2004,7,23,15,12,19,732151.6336,15.19336567,7/24/2004 6:48,2004,7,24,6,48,13,732152.2835,6.754852271,15.5614866
7/24/2004 15:13,15.57256705,2004018,2004,7,24,15,13,16,732152.6342,15.23717077,7/25/2004 6:47,2004,7,25,6,47,37,732153.2831,6.765603646,15.52843288
7/25/2004 15:20,15.44739169,2004018,2004,7,25,15,20,50,732153.6395,15.27032984,7/26/2004 6:47,2004,7,26,6,47,41,732154.2831,6.771213764,15.50088392
7/26/2004 15:23,15.43152174,2004018,2004,7,26,15,23,36,732154.6414,15.30337677,7/27/2004 6:49,2004,7,27,6,49,30,732155.2844,6.776831176,15.47345441
7/27/2004 15:23,15.51446924,2004018,2004,7,27,15,23,14,732155.6411,15.32581813,7/28/2004 6:54,2004,7,28,6,54,6,732156.2876,6.776836609,15.45101848
7/28/2004 15:18,15.17729908,2004018,2004,7,28,15,18,26,732156.6378,15.34819214,7/29/2004 6:29,2004,7,29,6,29,4,732157.2702,6.77684193,15.42864979
7/29/2004 20:47,9.977694236,2004018,2004,7,29,20,47,3,732157.866,15.36965416,7/30/2004 6:45,2004,7,30,6,45,42,732158.2817,6.769665735,15.40001157
7/30/2004 15:25,15.38095238,2004018,2004,7,30,15,25,0,732158.6424,15.38322126,7/31/2004 6:47,2004,7,31,6,47,51,732159.2832,6.762560487,15.37933922
7/31/2004 15:23,15.41805556,2004018,2004,7,31,15,23,15,732159.6411,15.40082704,8/1/2004 6:48,2004,8,1,6,48,20,732160.2836,6.751266201,15.35043916
8/1/2004 15:24,15.301875,2004018,2004,8,1,15,24,41,732160.6421,15.41847337,8/2/2004 6:42,2004,8,2,6,42,48,732161.2797,6.740020461,15.32154709
8/2/2004 15:23,15.29327957,2004018,2004,8,2,15,23,30,732161.6413,15.4394621,8/3/2004 6:41,2004,8,3,6,41,5,732162.2785,6.727559801,15.2880977
8/3/2004 15:24,15.27270968,2004018,2004,8,3,15,24,57,732162.6423,15.46048863,8/4/2004 6:41,2004,8,4,6,41,19,732163.2787,6.715081675,15.25459304
8/4/2004 15:25,15.26128494,2004018,2004,8,4,15,25,42,732163.6428,15.4866159,8/5/2004 6:41,2004,8,5,6,41,22,732164.2787,6.704090762,15.21747486
8/5/2004 15:28,15.19236453,2004018,2004,8,5,15,28,17,732164.6446,15.51277713,8/6/2004 6:39,2004,8,6,6,39,49,732165.2777,6.69311084,15.18033371
8/6/2004 15:37,15.09483409,2004018,2004,8,6,15,37,11,732165.6508,15.54030988,8/7/2004 6:42,2004,8,7,6,42,52,732166.2798,6.682430863,15.14212098
8/7/2004 15:34,15.10455285,2004018,2004,8,7,15,34,48,732166.6492,15.5676292,8/8/2004 6:41,2004,8,8,6,41,4,732167.2785,6.671787122,15.10415792
8/8/2004 15:36,15.0844086,2004018,2004,8,8,15,36,0,732167.65,15.59544471,8/9/2004 6:41,2004,8,9,6,41,3,732168.2785,6.657231294,15.06178659
8/9/2004 15:41,14.95830177,2004018,2004,8,9,15,41,33,732168.6539,15.62334637,8/10/2004 6:39,2004,8,10,6,39,3,732169.2771,6.642695844,15.01934947
8/10/2004 15:41,14.9688172,2004018,2004,8,10,15,41,5,732169.6535,15.64800874,8/11/2004 6:39,2004,8,11,6,39,13,732170.2772,6.618567435,14.9705587
8/11/2004 15:37,15.00696078,2004018,2004,8,11,15,37,52,732170.6513,15.67262669,8/12/2004 6:38,2004,8,12,6,38,18,732171.2766,6.594455913,14.92182922
8/12/2004 15:40,14.95256194,2004018,2004,8,12,15,40,47,732171.6533,15.69371046,8/13/2004 6:37,2004,8,13,6,37,56,732172.2763,6.565130388,14.87141993
8/13/2004 15:45,14.85547249,2004018,2004,8,13,15,45,54,732172.6569,15.71482789,8/14/2004 6:37,2004,8,14,6,37,14,732173.2759,6.535807796,14.82097991
8/14/2004 15:41,14.82390892,2004018,2004,8,14,15,41,44,732173.654,15.73521869,8/15/2004 6:31,2004,8,15,6,31,10,732174.2716,6.5105734,14.77535471
8/15/2004 15:47,14.61960784,2004018,2004,8,15,15,47,24,732174.6579,15.75574854,8/16/2004 6:24,2004,8,16,6,24,35,732175.2671,6.485344072,14.72959553
8/16/2004 15:45,14.55934066,2004018,2004,8,16,15,45,17,732175.6564,15.77712211,8/17/2004 6:18,2004,8,17,6,18,50,732176.2631,6.463755004,14.68663289
8/17/2004 15:43,14.63330241,2004018,2004,8,17,15,43,49,732176.6554,15.79850638,8/18/2004 6:21,2004,8,18,6,21,48,732177.2651,6.442035881,14.6435295
8/18/2004 15:47,14.54761905,2004018,2004,8,18,15,47,0,732177.6576,15.82201104,8/19/2004 6:19,2004,8,19,6,19,51,732178.2638,6.42798698,14.60597594
8/19/2004 15:58,14.38157895,2004018,2004,8,19,15,58,0,732178.6653,15.8456447,8/20/2004 6:20,2004,8,20,6,20,53,732179.2645,6.413909945,14.56826524
8/20/2004 15:54,14.63211876,2004018,2004,8,20,15,54,13,732179.6627,15.87809602,8/21/2004 6:32,2004,8,21,6,32,9,732180.2723,6.410686915,14.53259089
8/21/2004 15:48,14.56934524,2004018,2004,8,21,15,48,7,732180.6584,15.91049203,8/22/2004 6:22,2004,8,22,6,22,17,732181.2655,6.407510578,14.49701854
8/22/2004 15:55,14.55493827,2004018,2004,8,22,15,55,6,732181.6633,15.94735526,8/23/2004 6:28,2004,8,23,6,28,24,732182.2697,6.404177577,14.45682231
8/23/2004 15:57,14.52715447,2004018,2004,8,23,15,57,10,732182.6647,15.9840901,8/24/2004 6:28,2004,8,24,6,28,48,732183.27,6.400857521,14.41676742
8/24/2004 15:57,14.49201389,2004018,2004,8,24,15,57,18,732183.6648,16.01576079,8/25/2004 6:26,2004,8,25,6,26,50,732184.2686,6.391448417,14.37568763
8/25/2004 16:06,14.32731783,2004018,2004,8,25,16,6,38,732184.6713,16.04763415,8/26/2004 6:26,2004,8,26,6,26,16,732185.2682,6.38202989,14.33439574
8/26/2004 16:12,1.064677419,2004018,2004,8,26,16,12,42,732185.6755,16.07958761,8/26/2004 17:16,2004,8,26,17,16,34,732185.7198,6.374749962,14.29516235
8/26/2004 17:20,12.95045351,2004018,2004,8,26,17,20,35,732185.7226,16.08108633,8/27/2004 6:17,2004,8,27,6,17,37,732186.2622,6.366006309,14.28491998
8/27/2004 16:11,14.11919192,2004018,2004,8,27,16,11,50,732186.6749,16.11138834,8/28/2004 6:19,2004,8,28,6,19,0,732187.2632,6.349869887,14.23848154
8/28/2004 16:08,14.10268199,2004018,2004,8,28,16,8,10,732187.6723,16.14075955,8/29/2004 6:14,2004,8,29,6,14,20,732188.26,6.332293128,14.19153357
8/29/2004 16:07,14.22290367,2004018,2004,8,29,16,7,55,732188.6722,16.17020438,8/30/2004 6:21,2004,8,30,6,21,17,732189.2648,6.314575304,14.14437092
8/30/2004 16:09,14.18552532,2004018,2004,8,30,16,9,58,732189.6736,16.18872763,8/31/2004 6:21,2004,8,31,6,21,6,732190.2647,6.294443646,14.10571602
8/31/2004 16:09,14.03747909,2004018,2004,8,31,16,9,7,732190.673,16.20721388,9/1/2004 6:11,2004,9,1,6,11,22,732191.2579,6.274446883,14.067233
9/1/2004 16:22,13.90618852,2004018,2004,9,1,16,22,31,732191.6823,16.22078555,9/2/2004 6:16,2004,9,2,6,16,54,732192.2617,6.248524413,14.02773886
9/2/2004 16:16,14.10841639,2004018,2004,9,2,16,16,17,732192.678,16.23417435,9/3/2004 6:22,2004,9,3,6,22,47,732193.2658,6.222594196,13.98841984
9/3/2004 16:14,14.03822464,2004018,2004,9,3,16,14,27,732193.6767,16.24721817,9/4/2004 6:16,2004,9,4,6,16,45,732194.2616,6.188451374,13.9412332
9/4/2004 16:18,13.82675439,2004018,2004,9,4,16,18,0,732194.6792,16.26031163,9/5/2004 6:07,2004,9,5,6,7,36,732195.2553,6.154380554,13.89406893
9/5/2004 16:13,13.94222222,2004018,2004,9,5,16,13,52,732195.6763,16.26824,9/6/2004 6:10,2004,9,6,6,10,24,732196.2572,6.115618006,13.847378
9/6/2004 16:13,13.75897436,2004018,2004,9,6,16,13,0,732196.6757,16.27618667,9/7/2004 5:58,2004,9,7,5,58,32,732197.249,6.077246217,13.80105955
9/7/2004 16:28,13.57268116,2004018,2004,9,7,16,28,14,732197.6863,16.28150703,9/8/2004 6:02,2004,9,8,6,2,36,732198.2518,6.028530904,13.74702388
9/8/2004 16:21,13.57060824,2004018,2004,9,8,16,21,17,732198.6814,16.28674579,9/9/2004 5:55,2004,9,9,5,55,31,732199.2469,5.980189651,13.69344386
9/9/2004 16:19,13.67683097,2004018,2004,9,9,16,19,7,732199.6799,16.29168902,9/10/2004 5:59,2004,9,10,5,59,44,732200.2498,5.925813308,13.63412429
9/10/2004 16:05,13.88749584,2004018,2004,9,10,16,5,39,732200.6706,16.29659364,9/11/2004 5:58,2004,9,11,5,58,54,732201.2492,5.871626732,13.57503309
9/11/2004 16:13,13.65085106,2004018,2004,9,11,16,13,48,732201.6763,16.29874412,9/12/2004 5:52,2004,9,12,5,52,51,732202.245,5.820968252,13.52222413
9/12/2004 16:19,13.41991386,2004018,2004,9,12,16,19,14,732202.68,16.30089034,9/13/2004 5:44,2004,9,13,5,44,26,732203.2392,5.770391167,13.46950083
9/13/2004 16:18,13.30497076,2004018,2004,9,13,16,18,22,732203.6794,16.29844277,9/14/2004 5:36,2004,9,14,5,36,40,732204.2338,5.721838295,13.42339553
9/14/2004 16:24,13.27722222,2004018,2004,9,14,16,24,40,732204.6838,16.29598295,9/15/2004 5:41,2004,9,15,5,41,18,732205.237,5.6728656,13.37688265
9/15/2004 15:23,13.99204301,2004018,2004,9,15,15,23,40,732205.6414,16.29282068,9/16/2004 5:23,2004,9,16,5,23,12,732206.2244,5.62366055,13.33083987
9/16/2004 16:16,13.2820013,2004018,2004,9,16,16,16,33,732206.6782,16.28939687,9/17/2004 5:33,2004,9,17,5,33,28,732207.2316,5.573468807,13.28407194
9/17/2004 16:19,13.17963636,2004018,2004,9,17,16,19,10,732207.68,16.28570817,9/18/2004 5:29,2004,9,18,5,29,57,732208.2291,5.524975398,13.23926722
9/18/2004 16:16,13.23321407,2004018,2004,9,18,16,16,4,732208.6778,16.28203421,9/19/2004 5:30,2004,9,19,5,30,4,732209.2292,5.47635559,13.19432138
9/19/2004 16:17,13.19895425,2004018,2004,9,19,16,17,12,732209.6786,16.27194311,9/20/2004 5:29,2004,9,20,5,29,8,732210.2286,5.429100844,13.15715774
9/20/2004 16:13,13.19114064,2004018,2004,9,20,16,13,51,732210.6763,16.26188327,9/21/2004 5:25,2004,9,21,5,25,19,732211.2259,5.381945393,13.12006213
9/21/2004 16:13,13.07306166,2004018,2004,9,21,16,13,42,732211.6762,16.24675478,9/22/2004 5:18,2004,9,22,5,18,5,732212.2209,5.328276146,13.08152137
9/22/2004 16:17,13.09796028,2004018,2004,9,22,16,17,17,732212.6787,16.23158695,9/23/2004 5:23,2004,9,23,5,23,10,732213.2244,5.274148419,13.04256146
9/23/2004 16:15,12.95974359,2004018,2004,9,23,16,15,48,732213.6776,16.2129864,9/24/2004 5:13,2004,9,24,5,13,24,732214.2176,5.211845357,12.99885896
9/24/2004 16:13,12.97380952,2004018,2004,9,24,16,13,0,732214.6757,16.19440074,9/25/2004 5:11,2004,9,25,5,11,25,732215.2163,5.149197281,12.95479654
9/25/2004 16:12,12.9075388,2004018,2004,9,25,16,12,10,732215.6751,16.17140019,9/26/2004 5:06,2004,9,26,5,6,38,732216.2129,5.078360708,12.90696051
9/26/2004 16:06,12.88524645,2004018,2004,9,26,16,6,39,732216.6713,16.14847329,9/27/2004 4:59,2004,9,27,4,59,46,732217.2082,5.007616537,12.85914324
9/27/2004 16:09,12.8227381,2004018,2004,9,27,16,9,53,732217.6735,16.12179504,9/28/2004 4:59,2004,9,28,4,59,15,732218.2078,4.930264925,12.80846989
9/28/2004 16:06,12.70309179,2004018,2004,9,28,16,6,20,732218.6711,16.09523923,9/29/2004 4:48,2004,9,29,4,48,32,732219.2004,4.853454991,12.75821576
9/29/2004 16:05,12.67716312,2004018,2004,9,29,16,5,12,732219.6703,16.06889526,9/30/2004 4:45,2004,9,30,4,45,49,732220.1985,4.772292541,12.70339728
9/30/2004 15:59,12.77156863,2004018,2004,9,30,15,59,0,732220.666,16.04264357,10/1/2004 4:45,2004,10,1,4,45,17,732221.1981,4.691008117,12.64836454
10/1/2004 16:00,12.34545455,2004018,2004,10,1,16,0,16,732221.6669,16.02089792,10/2/2004 4:21,2004,10,2,4,21,0,732222.1813,4.615018065,12.59412015
10/2/2004 15:57,12.59318182,2004018,2004,10,2,15,57,0,732222.6646,15.99922179,10/3/2004 4:32,2004,10,3,4,32,35,732223.1893,4.537111259,12.53788947
10/3/2004 15:57,12.48865211,2004018,2004,10,3,15,57,39,732223.665,15.98515324,10/4/2004 4:26,2004,10,4,4,26,58,732224.1854,4.464751123,12.47959789
10/4/2004 15:54,12.47068182,2004018,2004,10,4,15,54,30,732224.6628,15.97112125,10/5/2004 4:22,2004,10,5,4,22,45,732225.1825,4.392318343,12.42119709
10/5/2004 15:57,12.29734848,2004018,2004,10,5,15,57,15,732225.6648,15.96313945,10/6/2004 4:15,2004,10,6,4,15,5,732226.1771,4.32217596,12.35903651
10/6/2004 16:08,11.89934984,2004018,2004,10,6,16,8,13,732226.6724,15.95511304,10/7/2004 4:02,2004,10,7,4,2,11,732227.1682,4.252280408,12.29716737
10/7/2004 15:49,12.41755952,2004018,2004,10,7,15,49,22,732227.6593,15.94988112,10/8/2004 4:14,2004,10,8,4,14,25,732228.1767,4.182760857,12.23287974
10/8/2004 15:55,12.27058379,2004018,2004,10,8,15,55,22,732228.6634,15.94455802,10/9/2004 4:11,2004,10,9,4,11,36,732229.1747,4.113965108,12.16940709
10/9/2004 15:57,12.10197557,2004018,2004,10,9,15,57,4,732229.6646,15.93914667,10/10/2004 4:03,2004,10,10,4,3,11,732230.1689,4.051316403,12.11216973
10/10/2004 16:00,12.0130445,2004018,2004,10,10,16,0,58,732230.6673,15.93372721,10/11/2004 4:01,2004,10,11,4,1,45,732231.1679,3.98836523,12.05463802
10/11/2004 15:59,11.70522094,2004018,2004,10,11,15,59,50,732231.6666,15.92554948,10/12/2004 3:42,2004,10,12,3,42,9,732232.1543,3.932873044,12.00732356
10/12/2004 15:51,12.08279321,2004018,2004,10,12,15,51,24,732232.6607,15.91741431,10/13/2004 3:56,2004,10,13,3,56,22,732233.1641,3.876064437,11.95865013
10/13/2004 16:01,11.63520067,2004018,2004,10,13,16,1,41,732233.6678,15.90223536,10/14/2004 3:39,2004,10,14,3,39,48,732234.1526,3.817319096,11.91508373
10/14/2004 15:49,11.72323232,2004018,2004,10,14,15,49,21,732234.6593,15.88729154,10/15/2004 3:32,2004,10,15,3,32,45,732235.1477,3.758181526,11.87088999
10/15/2004 15:51,11.95326797,2004018,2004,10,15,15,51,7,732235.6605,15.86588372,10/16/2004 3:48,2004,10,16,3,48,18,732236.1585,3.694633655,11.82874994
10/16/2004 15:54,11.77600644,2004018,2004,10,16,15,54,13,732236.6627,15.84445451,10/17/2004 3:40,2004,10,17,3,40,46,732237.1533,3.632091686,11.78763717
10/17/2004 15:51,11.77463045,2004018,2004,10,17,15,51,51,732237.661,15.82343837,10/18/2004 3:38,2004,10,18,3,38,20,732238.1516,3.565454645,11.74201627
10/18/2004 15:46,11.26101967,2004018,2004,10,18,15,46,39,732238.6574,15.80246223,10/19/2004 3:02,2004,10,19,3,2,19,732239.1266,3.500372892,11.69791066
10/19/2004 3:12,0.334343434,2004018,2004,10,19,3,12,20,732239.1336,15.79185878,10/19/2004 3:32,2004,10,19,3,32,23,732239.1475,3.498977806,11.70711903
10/19/2004 15:43,11.75898268,2004018,2004,10,19,15,43,38,732239.6553,15.78024218,10/20/2004 3:29,2004,10,20,3,29,10,732240.1453,3.416656159,11.63641398
10/20/2004 15:44,11.63160544,2004018,2004,10,20,15,44,11,732240.6557,15.75796647,10/21/2004 3:22,2004,10,21,3,22,4,732241.1403,3.334565522,11.57659906
10/21/2004 15:45,11.49600775,2004018,2004,10,21,15,45,6,732241.6563,15.73046632,10/22/2004 3:14,2004,10,22,3,14,51,732242.1353,3.238444105,11.50797778
10/22/2004 15:44,11.37142094,2004018,2004,10,22,15,44,47,732242.6561,15.70298817,10/23/2004 3:07,2004,10,23,3,7,4,732243.1299,3.142361329,11.43937316
10/23/2004 15:43,11.40240385,2004018,2004,10,23,15,43,7,732243.6549,15.67575655,10/24/2004 3:07,2004,10,24,3,7,16,732244.13,3.045647666,11.36989112
10/24/2004 15:41,11.18257576,2004018,2004,10,24,15,41,32,732244.6538,15.6485222,10/25/2004 2:52,2004,10,25,2,52,30,732245.1198,2.949930054,11.30140785
10/25/2004 15:36,11.09907683,2004018,2004,10,25,15,36,15,732245.6502,15.62336753,10/26/2004 2:42,2004,10,26,2,42,12,732246.1126,2.855028287,11.23166075
10/26/2004 15:32,11.24928571,2004018,2004,10,26,15,32,54,732246.6478,15.59818258,10/27/2004 2:47,2004,10,27,2,47,51,732247.1166,2.759055912,11.16087334
10/27/2004 15:30,11.1300095,2004018,2004,10,27,15,30,48,732247.6464,15.57183749,10/28/2004 2:38,2004,10,28,2,38,36,732248.1101,2.656808392,11.08497091
10/28/2004 15:31,11.04082462,2004018,2004,10,28,15,31,7,732248.6466,15.54545018,10/29/2004 2:33,2004,10,29,2,33,34,732249.1066,2.554252122,11.00880194
10/29/2004 15:40,10.93214286,2004018,2004,10,29,15,40,25,732249.6531,15.51603973,10/30/2004 2:36,2004,10,30,2,36,21,732250.1086,2.451457726,10.935418
10/30/2004 15:18,11.13283926,2004018,2004,10,30,15,18,20,732250.6377,15.4872692,10/31/2004 2:26,2004,10,31,2,26,19,732251.1016,2.349586634,10.86231743
10/31/2004 15:36,10.71936937,2004018,2004,10,31,15,36,0,732251.65,15.46075014,11/1/2004 2:19,2004,11,1,2,19,9,732252.0966,2.25410973,10.79335959
11/1/2004 15:27,10.60836045,2004018,2004,11,1,15,27,28,732252.6441,15.43470785,11/2/2004 2:03,2004,11,2,2,3,58,732253.0861,2.159160588,10.72445274
11/2/2004 15:28,10.49099228,2004018,2004,11,2,15,28,6,732253.6445,15.41015172,11/3/2004 1:57,2004,11,3,1,57,34,732254.0816,2.067619821,10.6574681
11/3/2004 15:12,10.60559881,2004018,2004,11,3,15,12,52,732254.6339,15.38586559,11/4/2004 1:49,2004,11,4,1,49,12,732255.0758,1.976198594,10.590333
11/4/2004 15:14,10.23492685,2004018,2004,11,4,15,14,49,732255.6353,15.35590358,11/5/2004 1:28,2004,11,5,1,28,54,732256.0617,1.894340408,10.53843682
11/5/2004 15:24,10.31355019,2004018,2004,11,5,15,24,26,732256.642,15.325783,11/6/2004 1:43,2004,11,6,1,43,15,732257.0717,1.810481225,10.48469822
11/6/2004 15:19,10.40920595,2004018,2004,11,6,15,19,29,732257.6385,15.29458758,11/7/2004 1:44,2004,11,7,1,44,2,732258.0722,1.741806888,10.44721931
11/7/2004 15:12,10.45768079,2004018,2004,11,7,15,12,22,732258.6336,15.26343598,11/8/2004 1:39,2004,11,8,1,39,49,732259.0693,1.673365926,10.40992995
11/8/2004 15:20,10.15994318,2004018,2004,11,8,15,20,5,732259.6389,15.23756763,11/9/2004 1:29,2004,11,9,1,29,41,732260.0623,1.622927835,10.38536021
11/9/2004 15:13,10.29027778,2004018,2004,11,9,15,13,15,732260.6342,15.21195659,11/10/2004 1:30,2004,11,10,1,30,40,732261.063,1.572098633,10.36014204
11/10/2004 15:07,10.41175926,2004018,2004,11,10,15,7,51,732261.6305,15.18923956,11/11/2004 1:32,2004,11,11,1,32,33,732262.0643,1.533960521,10.34472096
11/11/2004 15:01,10.54233604,2004018,2004,11,11,15,1,22,732262.6259,15.16654305,11/12/2004 1:33,2004,11,12,1,33,54,732263.0652,1.495837644,10.32929459
11/12/2004 15:11,10.34028086,2004018,2004,11,12,15,11,21,732263.6329,15.14039817,11/13/2004 1:31,2004,11,13,1,31,46,732264.0637,1.463726318,10.32332815
11/13/2004 14:59,10.33574956,2004018,2004,11,13,14,59,44,732264.6248,15.11464533,11/14/2004 1:19,2004,11,14,1,19,53,732265.0555,1.431830461,10.31718513
11/14/2004 15:12,10.10217391,2004018,2004,11,14,15,12,52,732265.6339,15.09326699,11/15/2004 1:19,2004,11,15,1,19,0,732266.0549,1.403111592,10.3098446
11/15/2004 15:05,10.25450742,2004018,2004,11,15,15,5,40,732266.6289,15.07218737,11/16/2004 1:20,2004,11,16,1,20,56,732267.0562,1.374338125,10.30215076
11/16/2004 15:08,10.2944842,2004018,2004,11,16,15,8,18,732267.6308,15.06612152,11/17/2004 1:25,2004,11,17,1,25,58,732268.0597,1.346725677,10.28060415
11/17/2004 14:54,10.37091919,2004018,2004,11,17,14,54,29,732268.6212,15.0601253,11/18/2004 1:16,2004,11,18,1,16,44,732269.0533,1.319385639,10.25926034
11/18/2004 14:56,10.34242424,2004018,2004,11,18,14,56,27,732269.6225,15.06812163,11/19/2004 1:17,2004,11,19,1,17,0,732270.0535,1.295945759,10.22782413
11/19/2004 14:58,10.30236467,2004018,2004,11,19,14,58,25,732270.6239,15.07611875,11/20/2004 1:16,2004,11,20,1,16,33,732271.0532,1.272517596,10.19639884
11/20/2004 14:53,10.3908219,2004018,2004,11,20,14,53,27,732271.6205,15.09232347,11/21/2004 1:16,2004,11,21,1,16,54,732272.0534,1.255762291,10.16343882
11/21/2004 15:01,10.13121212,2004018,2004,11,21,15,1,7,732272.6258,15.10866964,11/22/2004 1:09,2004,11,22,1,9,0,732273.0479,1.239102472,10.13043283
11/22/2004 15:04,10.19598951,2004018,2004,11,22,15,4,19,732273.628,15.13729279,11/23/2004 1:16,2004,11,23,1,16,5,732274.0528,1.225730668,10.08843788
11/23/2004 15:11,9.962513843,2004018,2004,11,23,15,11,42,732274.6331,15.16599876,11/24/2004 1:09,2004,11,24,1,9,27,732275.0482,1.212485276,10.04648651
11/24/2004 15:21,9.724904126,2004018,2004,11,24,15,21,11,732275.6397,15.21030715,11/25/2004 1:04,2004,11,25,1,4,40,732276.0449,1.201654386,9.991347236
11/25/2004 15:12,10.02748353,2004018,2004,11,25,15,12,52,732276.6339,15.25406972,11/26/2004 1:14,2004,11,26,1,14,31,732277.0517,1.190713741,9.936644026
11/26/2004 15:23,9.936363636,2004018,2004,11,26,15,23,49,732277.6415,15.30124704,11/27/2004 1:20,2004,11,27,1,20,0,732278.0556,1.181460132,9.880213092
11/27/2004 15:14,9.638888889,2004018,2004,11,27,15,14,40,732278.6352,15.34777355,11/28/2004 0:53,2004,11,28,0,53,0,732279.0368,1.172415764,9.824642218
11/28/2004 15:20,9.702462936,2004018,2004,11,28,15,20,42,732279.6394,15.3873977,11/29/2004 1:02,2004,11,29,1,2,51,732280.0436,1.168392545,9.780994842
11/29/2004 15:33,9.74442402,2004018,2004,11,29,15,33,11,732280.648,15.42719548,11/30/2004 1:17,2004,11,30,1,17,51,732281.0541,1.16435454,9.737159063
11/30/2004 15:32,9.622501747,2004018,2004,11,30,15,32,5,732281.6473,15.45367755,12/1/2004 1:09,2004,12,1,1,9,26,732282.0482,1.163536923,9.709859369
12/1/2004 15:26,9.640913978,2004018,2004,12,1,15,26,38,732282.6435,15.48007748,12/2/2004 1:05,2004,12,2,1,5,6,732283.0452,1.16271692,9.682639442
12/2/2004 15:34,9.579844961,2004018,2004,12,2,15,34,0,732283.6486,15.49537753,12/3/2004 1:08,2004,12,3,1,8,47,732284.0478,1.159131241,9.663753712
12/3/2004 15:46,9.296807677,2004018,2004,12,3,15,46,26,732284.6572,15.51073086,12/4/2004 1:04,2004,12,4,1,4,14,732285.0446,1.155566305,9.644835447
12/4/2004 15:36,9.795666667,2004018,2004,12,4,15,36,27,732285.6503,15.51582108,12/5/2004 1:24,2004,12,5,1,24,12,732286.0585,1.151797336,9.635976259
12/5/2004 15:35,9.603690476,2004018,2004,12,5,15,35,10,732286.6494,15.52094205,12/6/2004 1:11,2004,12,6,1,11,24,732287.0496,1.148113121,9.627171072
12/6/2004 15:37,9.590572716,2004018,2004,12,6,15,37,21,732287.6509,15.51489772,12/7/2004 1:12,2004,12,7,1,12,47,732288.0505,1.147654109,9.632756394
12/7/2004 15:27,9.734197531,2004018,2004,12,7,15,27,38,732288.6442,15.50890287,12/8/2004 1:11,2004,12,8,1,11,42,732289.0498,1.14719583,9.638292959
12/8/2004 15:24,9.718108974,2004018,2004,12,8,15,24,32,732289.642,15.49211309,12/9/2004 1:07,2004,12,9,1,7,37,732290.047,1.15071941,9.658606323
12/9/2004 15:31,9.49949495,2004018,2004,12,9,15,31,0,732290.6465,15.47521056,12/10/2004 1:00,2004,12,10,1,0,58,732291.0423,1.154236277,9.679025713
12/10/2004 15:31,9.567716422,2004018,2004,12,10,15,31,8,732291.6466,15.45333085,12/11/2004 1:05,2004,12,11,1,5,12,732292.0453,1.157377639,9.704046794
12/11/2004 15:22,9.770135747,2004018,2004,12,11,15,22,36,732292.6407,15.43158239,12/12/2004 1:08,2004,12,12,1,8,49,732293.0478,1.160517436,9.728935043
12/12/2004 15:28,9.63125,2004018,2004,12,12,15,28,30,732293.6448,15.41803718,12/13/2004 1:06,2004,12,13,1,6,22,732294.0461,1.167624053,9.74958687
12/13/2004 15:21,9.922939994,2004018,2004,12,13,15,21,55,732294.6402,15.40460934,12/14/2004 1:17,2004,12,14,1,17,18,732295.0537,1.174796876,9.770187538
12/14/2004 15:20,9.837153996,2004018,2004,12,14,15,20,14,732295.6391,15.39735792,12/15/2004 1:10,2004,12,15,1,10,28,732296.0489,1.189392967,9.792035052
12/15/2004 15:14,9.992310354,2004018,2004,12,15,15,14,5,732296.6348,15.39012972,12/16/2004 1:13,2004,12,16,1,13,37,732297.0511,1.204091724,9.813962001
12/16/2004 14:57,10.17429519,2004018,2004,12,16,14,57,12,732297.6231,15.38495685,12/17/2004 1:07,2004,12,17,1,7,40,732298.047,1.22378752,9.838830669
12/17/2004 15:24,9.812698413,2004018,2004,12,17,15,24,54,732298.6423,15.37962225,12/18/2004 1:13,2004,12,18,1,13,40,732299.0512,1.243647465,9.86402522
12/18/2004 15:18,10.0549409,2004018,2004,12,18,15,18,10,732299.6376,15.38260176,12/19/2004 1:21,2004,12,19,1,21,28,732300.0566,1.262926454,9.880324691
12/19/2004 15:25,9.76627907,2004018,2004,12,19,15,25,6,732300.6424,15.38560972,12/20/2004 1:11,2004,12,20,1,11,5,732301.0494,1.281963833,9.896354112
12/20/2004 15:26,9.910686275,2004018,2004,12,20,15,26,18,732301.6433,15.39585123,12/21/2004 1:20,2004,12,21,1,20,56,732302.0562,1.300652857,9.904801628
12/21/2004 15:20,9.902564103,2004018,2004,12,21,15,20,18,732302.6391,15.40604055,12/22/2004 1:14,2004,12,22,1,14,27,732303.0517,1.319132122,9.913091569
12/22/2004 15:25,9.968030754,2004018,2004,12,22,15,25,15,732303.6425,15.41582066,12/23/2004 1:23,2004,12,23,1,23,20,732304.0579,1.337911645,9.922090983
12/23/2004 15:18,10.15139096,2004018,2004,12,23,15,18,5,732304.6376,15.42551987,12/24/2004 1:27,2004,12,24,1,27,10,732305.0605,1.356623977,9.931104108
12/24/2004 15:32,9.775555556,2004018,2004,12,24,15,32,0,732305.6472,15.43320222,12/25/2004 1:18,2004,12,25,1,18,32,732306.0545,1.373778952,9.940576729
12/25/2004 15:36,9.821414141,2004018,2004,12,25,15,36,10,732306.6501,15.44083359,12/26/2004 1:25,2004,12,26,1,25,28,732307.0594,1.391122044,9.950288449
12/26/2004 15:27,9.959125522,2004018,2004,12,26,15,27,19,732307.644,15.44703027,12/27/2004 1:24,2004,12,27,1,24,52,732308.0589,1.410154416,9.963124144
12/27/2004 15:26,9.996666667,2004018,2004,12,27,15,26,0,732308.6431,15.45325937,12/28/2004 1:25,2004,12,28,1,25,48,732309.0596,1.429209639,9.975950268
12/28/2004 15:27,9.856752874,2004018,2004,12,28,15,27,50,732309.6443,15.45450633,12/29/2004 1:19,2004,12,29,1,19,15,732310.055,1.453416972,9.998910637
12/29/2004 15:25,10.12610144,2004018,2004,12,29,15,25,11,732310.6425,15.45574956,12/30/2004 1:32,2004,12,30,1,32,45,732311.0644,1.477964774,10.02221521
12/30/2004 15:27,9.942663818,2004018,2004,12,30,15,27,53,732311.6444,15.44882796,12/31/2004 1:24,2004,12,31,1,24,26,732312.0586,1.507150778,10.05832281
12/31/2004 15:33,9.969224806,2004018,2004,12,31,15,33,2,732312.6479,15.44189531,1/1/2005 1:31,2005,1,1,1,31,12,732313.0633,1.536645023,10.09474971
1/1/2005 15:27,9.928153718,2004018,2005,1,1,15,27,15,732313.6439,15.43149952,1/2/2005 1:22,2005,1,2,1,22,57,732314.0576,1.571383774,10.13988425
1/2/2005 15:26,10.20007003,2004018,2005,1,2,15,26,51,732314.6436,15.42106511,1/3/2005 1:38,2005,1,3,1,38,51,732315.0686,1.606705987,10.18564088
1/3/2005 15:21,10.3109264,2004018,2005,1,3,15,21,54,732315.6402,15.40420951,1/4/2005 1:40,2005,1,4,1,40,34,732316.0698,1.645466999,10.24125749
1/4/2005 15:24,10.29838964,2004018,2005,1,4,15,24,28,732316.642,15.38726596,1/5/2005 1:42,2005,1,5,1,42,22,732317.0711,1.684231883,10.29696592
1/5/2005 15:24,10.28666667,2004018,2005,1,5,15,24,24,732317.6419,15.35870632,1/6/2005 1:41,2005,1,6,1,41,36,732318.0706,1.718488466,10.35978214
1/6/2005 15:17,10.47624113,2004018,2005,1,6,15,17,25,732318.6371,15.33028093,1/7/2005 1:46,2005,1,7,1,46,0,732319.0736,1.752865006,10.42258408
1/7/2005 15:25,10.42944079,2004018,2005,1,7,15,25,48,732319.6429,15.29090779,1/8/2005 1:51,2005,1,8,1,51,34,732320.0775,1.771647923,10.48074014
1/8/2005 15:24,10.45,2004018,2005,1,8,15,24,0,732320.6417,15.25180867,1/9/2005 1:51,2005,1,9,1,51,0,732321.0771,1.790350387,10.53854172
1/9/2005 15:14,10.68304348,2004018,2005,1,9,15,14,13,732321.6349,15.20861176,1/10/2005 1:55,2005,1,10,1,55,12,732322.08,1.801002258,10.5923905
1/10/2005 15:12,10.67539683,2004018,2005,1,10,15,12,8,732322.6334,15.16518433,1/11/2005 1:52,2005,1,11,1,52,40,732323.0782,1.81160421,10.64641988
1/11/2005 15:05,10.80489741,2004018,2005,1,11,15,5,2,732323.6285,15.12072353,1/12/2005 1:53,2005,1,12,1,53,20,732324.0787,1.821015059,10.70029153
1/12/2005 15:02,10.76223699,2004018,2005,1,12,15,2,50,732324.627,15.07611082,1/13/2005 1:48,2005,1,13,1,48,34,732325.0754,1.830390165,10.75427934
1/13/2005 15:04,10.70925926,2004018,2005,1,13,15,4,48,732325.6283,15.02986963,1/14/2005 1:47,2005,1,14,1,47,21,732326.0745,1.83760738,10.80773775
1/14/2005 14:58,10.85507465,2004018,2005,1,14,14,58,13,732326.6238,14.98389628,1/15/2005 1:49,2005,1,15,1,49,32,732327.0761,1.844842654,10.86094638
1/15/2005 14:51,10.89284689,2004018,2005,1,15,14,51,58,732327.6194,14.93681953,1/16/2005 1:45,2005,1,16,1,45,33,732328.0733,1.850184866,10.91336533
