DriftStartIndex,DriftEndIndex,DriftDuration,DriftJulDate,DriftStartLight,DriftEndLight,DriftAvgLight,DriftStartDepth,DriftEndDepth,DriftAvgDepth,DriftStartGMT,DiveStartLight,DriftRate,TOPPID,DaysSinceDeparture,SmoothSunriseHour,HoursSinceSunrise,SmoothSunsetHour,HoursSinceSunset,SmoothDaylength,TimeOfDay,Col
28,106,624,732102.44,27,29,30.3584,153,169.5,145.3584,10.561104,85,-0.285,2004018,6.408796593,12.40921933,-1.84811533,4.409742748,6.151361252,16.00052341,Night,darkblue
24,110,688,732107.5655,57,18,48.45428157,212,365.5,277.0638607,13.572216,165,-0.315,2004018,11.53425922,12.48408973,1.08812627,4.839737704,8.732478296,16.37200514,Day,yellow4
23,128,840,732107.5825,63,43,56.19143876,214.5,294,262.3644471,13.978896,165,-0.325,2004018,11.55120363,12.48408973,1.49480627,4.839737704,9.139158296,16.37200514,Day,yellow4
28,113,680,732107.9823,64,22,51.91629956,259.5,446.5,308.1688693,23.574456,145,-0.3,2004018,11.95101859,12.48408973,11.09036627,4.839737704,18.7347183,16.37200514,Day,yellow4
28,115,696,732108.001,63,19,49.80057389,247.5,543,333.5086083,0.023328,183,-0.315,2004018,11.96972259,12.48408973,-12.46076173,4.839737704,-4.816409704,16.37200514,Day,yellow4
25,121,768,732108.6533,57,107,52.55396619,237.5,128,284.293238,15.678888,139,-0.305,2004018,12.62203681,12.50057183,3.17831617,4.935849211,10.74303879,16.45175948,Day,yellow4
30,132,816,732108.6717,53,46,54.44430845,251.5,303,287.6572827,16.121112,175,-0.335,2004018,12.64046278,12.50057183,3.62054017,4.935849211,11.18526279,16.45175948,Day,yellow4
27,114,696,732109.6069,52,16,45.86226686,224,320.5,275.9354376,14.565552,166,-0.33,2004018,13.575648,12.51912886,2.04642314,5.03345733,9.53209467,16.5328855,Day,yellow4
27,119,736,732109.6601,51,159,55.44233379,237,14,265.6838535,15.843336,143,-0.305,2004018,13.628889,12.51912886,3.32420714,5.03345733,10.80987867,16.5328855,Day,yellow4
23,97,592,732110.635,63,173,69.67284992,217.5,0,219.203204,15.241104,167,-0.35,2004018,14.60379663,12.53742646,2.70367754,5.130201108,10.11090289,16.61107225,Day,yellow4
25,106,648,732112.593,51,18,52.41756549,232,435,270.1024653,14.232216,160,-0.32,2004018,16.56175881,12.59481355,1.63740245,5.318520768,8.913695232,16.75252145,Day,yellow4
28,120,736,732112.6091,59,47,57.9972863,229.5,292.5,275.3941655,14.61888,172,-0.295,2004018,16.57787059,12.59481355,2.02406645,5.318520768,9.300359232,16.75252145,Day,yellow4
25,101,608,732114.6555,72,21,69.19868637,204,400,229.0771757,15.732216,168,-0.34,2004018,18.62425881,12.67293919,3.05927681,5.527197907,10.20501809,16.85522256,Day,yellow4
29,91,496,732114.8545,96,108,159.0985915,178.5,140,57.24748491,20.507784,195,-0.34,2004018,18.82324119,12.67293919,7.83484481,5.527197907,14.98058609,16.85522256,Day,yellow4
13,88,600,732114.8976,142,189,151.8968386,59,0,59.87853577,21.543336,191,-0.315,2004018,18.8663887,12.67293919,8.87039681,5.527197907,16.01613809,16.85522256,Day,yellow4
13,93,640,732114.9386,141,21,114.0530421,63.5,420,128.3790952,22.52556,192,-0.34,2004018,18.9073147,12.67293919,9.85262081,5.527197907,16.99836209,16.85522256,Day,yellow4
18,137,952,732114.9875,115,47,59.37880378,117,236.5,309.2172088,23.698896,187,-0.335,2004018,18.95620367,12.67293919,11.02595681,5.527197907,18.17169809,16.85522256,Day,yellow4
24,120,768,732115.008,77,143,60.40312094,208.5,2,320.7938882,0.192216,187,-0.31,2004018,18.97675922,12.67293919,-12.48072319,5.527197907,-5.334981907,16.85522256,Day,yellow4
30,105,600,732116.6658,71,58,67.70715474,234.5,281,248.3935108,15.978888,186,-0.29,2004018,20.63453678,12.76990925,3.20897875,5.665855511,10.31303249,16.94506255,Day,yellow4
34,124,720,732118.8429,78,42,66.52427184,264.5,358.5,291.1317614,20.230008,197,-0.29,2004018,22.81166715,12.90963427,7.32037373,5.803771613,14.42623639,16.96368329,Day,yellow4
27,93,528,732123.642,71,33,121.4253308,203.5,336,118.1162571,15.407784,172,-0.325,2004018,27.610741,13.33776531,2.07001869,6.045176231,9.362607769,16.79563707,Day,yellow4
26,99,584,732124.6107,61,78,59.04444444,207,168,244.5076923,14.656656,159,-0.345,2004018,28.57944441,13.42621241,1.23044359,6.076273755,8.580382245,16.73850844,Day,yellow4
28,124,768,732124.6258,54,111,68.72951886,236.5,99,226.6586476,15.018888,156,-0.315,2004018,28.59453659,13.42621241,1.59267559,6.076273755,8.942614245,16.73850844,Day,yellow4
65,116,408,732127.8852,27,18,55.66992665,356.5,431.5,290.1112469,21.245544,184,-0.325,2004018,31.85398152,13.69875128,7.54679272,6.161692455,15.08385155,16.55236831,Day,yellow4
28,102,592,732129.0179,58,162,64.96964587,270.5,9.5,256.381113,0.430008,190,-0.34,2004018,32.98666659,13.78757389,-13.35756589,6.187522286,-5.757514286,16.488771,Day,yellow4
27,102,600,732130.6488,61,59,60.80865225,252,301.5,269.4184692,15.572232,169,-0.305,2004018,34.617593,13.94971343,1.62251857,6.237965603,9.334266397,16.36917663,Day,yellow4
25,104,632,732131.6636,69,23,61.02527646,237,397.5,278.2511848,15.92556,169,-0.325,2004018,35.63231481,14.02857337,1.89698663,6.262767047,9.662792953,16.31305362,Day,yellow4
25,121,768,732131.6789,76,123,59.04551365,231.5,82,307.0383615,16.29444,174,-0.33,2004018,35.64768481,14.02857337,2.26586663,6.262767047,10.03167295,16.31305362,Day,yellow4
27,100,584,732132.687,71,21,62.84615385,247,490,268.2239316,16.487784,172,-0.295,2004018,36.655741,14.10663005,2.38115395,6.286512146,10.20127185,16.25793878,Day,yellow4
28,106,624,732132.8844,77,34,66.8464,272,374,292.4792,21.225552,187,-0.32,2004018,36.85314859,14.10663005,7.11892195,6.286512146,14.93903985,16.25793878,Day,yellow4
28,81,424,732135.6586,68,45,59.98352941,242,292.5,273.9776471,15.80556,174,-0.325,2004018,39.62731459,14.32892777,1.47663223,6.366300478,9.439259522,16.10677787,Day,yellow4
29,137,864,732135.6967,69,81,53.82427746,259.5,220,350.6242775,16.721112,180,-0.29,2004018,39.66546319,14.32892777,2.39218423,6.366300478,10.35481152,16.10677787,Day,yellow4
32,131,792,732137.8101,81,18,66.19546028,286.5,581,372.57314,19.443336,186,-0.275,2004018,41.77888896,14.46529826,4.97803774,6.428594653,13.01474135,16.03000533,Day,yellow4
28,111,664,732138.7354,81,149,69.71278195,267,34.5,288.5924812,17.650008,180,-0.285,2004018,42.70416659,14.51797008,3.13203792,6.45855027,11.19145773,15.99325201,Day,yellow4
24,107,664,732139.7381,76,118,61.25714286,239,92,317.3112782,17.714448,179,-0.295,2004018,43.70685222,14.57530854,3.13913946,6.488993901,11.2254541,15.97102382,Day,yellow4
23,121,784,732139.7589,82,133,63.40509554,246.5,61,362.5101911,18.21444,183,-0.29,2004018,43.72768563,14.57530854,3.63913146,6.488993901,11.7254461,15.97102382,Day,yellow4
26,110,672,732139.8963,80,55,77.49925706,276,296,256.2771174,21.51,183,-0.305,2004018,43.86500041,14.57530854,6.93469146,6.488993901,15.0210061,15.97102382,Day,yellow4
25,80,440,732139.9117,86,146,74.08390023,263.5,45.5,262.314059,21.881112,189,-0.3,2004018,43.88046281,14.57530854,7.30580346,6.488993901,15.3921181,15.97102382,Day,yellow4
22,93,568,732139.9266,94,68,75.16168717,242.5,294,255.4420035,22.23888,195,-0.28,2004018,43.89537004,14.57530854,7.66357146,6.488993901,15.7498861,15.97102382,Day,yellow4
23,84,488,732139.941,88,59,79.07157464,241.5,263.5,243.1206544,22.583328,188,-0.3,2004018,43.90972263,14.57530854,8.00801946,6.488993901,16.0943341,15.97102382,Day,yellow4
22,93,568,732139.985,89,28,75.56063269,234.5,390.5,250.0711775,23.641104,196,-0.265,2004018,43.95379604,14.57530854,9.06579546,6.488993901,17.1521101,15.97102382,Day,yellow4
25,107,656,732140.7495,76,90,65.64383562,231,204,307.304414,17.987784,177,-0.285,2004018,44.71824081,14.63270985,3.35507415,6.517373831,11.47041017,15.94206529,Day,yellow4
25,115,720,732140.7695,81,19,61.37725381,238.5,662,377.7898752,18.467784,180,-0.265,2004018,44.73824081,14.63270985,3.83507415,6.517373831,11.95041017,15.94206529,Day,yellow4
27,134,856,732141.7141,68,17,52.89148191,270,462.5,354.4463244,17.13888,181,-0.305,2004018,45.68287,14.6901505,2.4487295,6.545967444,10.59291256,15.91325759,Day,yellow4
30,105,600,732143.072,76,17,55.67554077,261.5,485.5,347.437604,1.727784,191,-0.29,2004018,47.04074078,14.74753936,-13.01975536,6.571823526,-4.844039526,15.88167303,Day,yellow4
26,111,680,732143.6756,61,61,56.75770925,246,299,274.8399413,16.214448,159,-0.29,2004018,47.64435141,14.79831436,1.41613364,6.597558278,9.616889722,15.85001892,Day,yellow4
26,110,672,732143.7094,66,31,62.86181278,243,369,273.3632987,17.025552,169,-0.295,2004018,47.67814841,14.79831436,2.22723764,6.597558278,10.42799372,15.85001892,Day,yellow4
28,117,712,732143.7462,77,66,66.08134642,250,305,300.0364656,17.907768,181,-0.29,2004018,47.71490759,14.79831436,3.10945364,6.597558278,11.31020972,15.85001892,Day,yellow4
27,128,808,732143.7667,82,17,60.00865266,244.5,557.5,375.0321384,18.401112,186,-0.27,2004018,47.735463,14.79831436,3.60279764,6.597558278,11.80355372,15.85001892,Day,yellow4
26,108,656,732144.742,75,182,61.62557078,244.5,0,281.1712329,17.807784,181,-0.26,2004018,48.71074041,14.84851478,2.95926922,6.618715371,11.18906863,15.82040101,Day,yellow4
28,139,888,732144.7853,78,78,64.68278965,241,242.5,329.1884139,18.847776,186,-0.29,2004018,48.75407359,14.84851478,3.99926122,6.618715371,12.22906063,15.82040101,Day,yellow4
27,141,912,732144.8064,79,25,64.33953998,239,699,361.0947426,19.35444,186,-0.26,2004018,48.775185,14.84851478,4.50592522,6.618715371,12.73572463,15.82040101,Day,yellow4
25,110,680,732145.7389,77,137,64.59324523,216.5,44,272.5792952,17.73444,173,-0.255,2004018,49.70768481,14.8973224,2.8371176,6.639685456,11.09475454,15.79117068,Day,yellow4
24,127,824,732145.7588,83,18,59.54181818,217.5,522,302.1793939,18.212232,181,-0.275,2004018,49.72759222,14.8973224,3.3149096,6.639685456,11.57254654,15.79117068,Day,yellow4
76,129,424,732146.9734,51,82,73.35294118,365.5,228,280.8094118,23.36112,202,-0.29,2004018,50.94213004,14.94588765,8.41523235,6.658021598,16.7030984,15.7606992,Day,yellow4
28,127,792,732146.9889,82,19,61.7074401,258.5,609,395.7282472,23.73444,197,-0.245,2004018,50.95768559,14.94588765,8.78855235,6.658021598,17.0764184,15.7606992,Day,yellow4
23,80,456,732147.6784,68,26,54.93873085,232.5,381.5,281.3490153,16.28112,170,-0.28,2004018,51.64712963,14.99717508,1.28394492,6.67640172,9.60471828,15.73051407,Day,yellow4
26,108,656,732147.7105,65,183,50.74885845,270,0,313.5076104,17.052216,170,-0.29,2004018,51.67925941,14.99717508,2.05504092,6.67640172,10.37581428,15.73051407,Day,yellow4
25,121,768,732147.7314,69,19,52.91157347,279.5,640.5,370.0331599,17.55444,176,-0.26,2004018,51.70018481,14.99717508,2.55726492,6.67640172,10.87803828,15.73051407,Day,yellow4
25,120,760,732147.7531,69,20,53.1064389,272,357,409.0604468,18.074448,182,-0.26,2004018,51.72185181,14.99717508,3.07727292,6.67640172,11.39804628,15.73051407,Day,yellow4
27,100,584,732147.9199,75,22,59.34529915,290.5,471,337.0393162,22.076664,195,-0.255,2004018,51.888611,14.99717508,7.07948892,6.67640172,15.40026228,15.73051407,Day,yellow4
27,106,632,732148.7439,65,52,52.35229068,274.5,339.5,317.4810427,17.85444,178,-0.275,2004018,52.712685,15.04913902,2.80530098,6.694351893,11.16008811,15.69717681,Day,yellow4
28,85,456,732148.7664,65,184,58.75054705,278,0,302.4737418,18.39444,175,-0.24,2004018,52.73518559,15.04913902,3.34530098,6.694351893,11.70008811,15.69717681,Day,yellow4
27,113,688,732149.7597,78,116,66.42960813,261.5,102.5,284.5275762,18.232224,182,-0.27,2004018,53.728426,15.09886253,3.13336147,6.712312853,11.51991115,15.66317383,Day,yellow4
26,121,760,732149.8014,81,73,63.12220762,254.5,281,345.0381078,19.23444,183,-0.255,2004018,53.77018541,15.09886253,4.13557747,6.712312853,12.52212715,15.66317383,Day,yellow4
25,112,696,732151.7243,72,122,59.74318508,238,95,291.384505,17.383344,170,-0.27,2004018,55.69305581,15.19336567,2.18997833,6.744055723,10.63928828,15.59433754,Day,yellow4
35,95,480,732153.8772,78,62,73.17879418,294,304,282.6226611,21.052224,189,-0.27,2004018,57.84592574,15.27032984,5.78189416,6.765603646,14.28662035,15.52843288,Day,yellow4
30,121,728,732153.9209,83,25,59.2345679,277.5,408.5,322.3717421,22.10112,193,-0.25,2004018,57.88962978,15.27032984,6.83079016,6.765603646,15.33551635,15.52843288,Day,yellow4
31,86,440,732153.9448,59,35,54.26077098,270.5,389,333.9455782,22.674456,181,-0.26,2004018,57.91351837,15.27032984,7.40412616,6.765603646,15.90885235,15.52843288,Day,yellow4
28,116,704,732153.97,83,61,61.28085106,265,348,320.9865248,23.281104,189,-0.26,2004018,57.93879659,15.27032984,8.01077416,6.765603646,16.51550035,15.52843288,Day,yellow4
26,117,728,732154.766,75,24,62.61454047,241,438,284.3840878,18.383328,180,-0.27,2004018,58.73472241,15.30337677,3.07995123,6.771213764,11.61211424,15.50088392,Day,yellow4
25,129,832,732154.783,79,20,61.57623049,240,481.5,298.7394958,18.792216,179,-0.265,2004018,58.75175881,15.30337677,3.48883923,6.771213764,12.02100224,15.50088392,Day,yellow4
27,120,744,732154.804,77,185,61.67651007,272.5,0,303.9067114,19.296672,185,-0.235,2004018,58.772778,15.30337677,3.99329523,6.771213764,12.52545824,15.50088392,Day,yellow4
26,132,848,732154.8247,85,32,62.98822144,250.5,514.5,305.2661955,19.792224,196,-0.25,2004018,58.79342641,15.30337677,4.48884723,6.771213764,13.02101024,15.50088392,Day,yellow4
27,144,936,732154.8494,83,120,57.68623266,249.5,114.5,371.1723586,20.385552,189,-0.235,2004018,58.818148,15.30337677,5.08217523,6.771213764,13.61433824,15.50088392,Day,yellow4
26,110,672,732155.9777,95,53,62.80683507,238,375.5,321.6760773,23.465544,194,-0.265,2004018,59.94648141,15.32581813,8.13972587,6.776831176,16.68871282,15.47345441,Day,yellow4
29,122,744,732155.9989,93,71,65.70872483,253,324.5,320.1557047,23.97444,193,-0.245,2004018,59.96768519,15.32581813,8.64862187,6.776831176,17.19760882,15.47345441,Day,yellow4
28,135,856,732156.0228,93,80,71.59509918,251.5,250.5,332.201867,0.547776,193,-0.23,2004018,59.99157359,15.32581813,-14.77804213,6.776831176,-6.229055176,15.47345441,Day,yellow4
32,120,704,732156.0519,86,117,63.56595745,274,115.5,385.8588652,1.245552,195,-0.22,2004018,60.02064796,15.32581813,-14.08026613,6.776831176,-5.531279176,15.47345441,Day,yellow4
23,117,752,732156.7972,94,49,68.98007968,195,314,270.0358566,19.132224,185,-0.255,2004018,60.76592563,15.34819214,3.78403186,6.776836609,12.35538739,15.45101848,Day,yellow4
28,99,568,732156.8181,92,29,65.07557118,235.5,397,280.7398946,19.634448,189,-0.245,2004018,60.78685159,15.34819214,4.28625586,6.776836609,12.85761139,15.45101848,Day,yellow4
24,132,864,732156.8399,87,45,69.39768786,227,418,283.5289017,20.156664,185,-0.25,2004018,60.80861122,15.34819214,4.80847186,6.776836609,13.37982739,15.45101848,Day,yellow4
27,120,744,732156.8636,87,196,72.55973154,245,0,286.0604027,20.72556,189,-0.235,2004018,60.832315,15.34819214,5.37736786,6.776836609,13.94872339,15.45101848,Day,yellow4
25,94,552,732156.8875,92,29,75.960217,238,691,288.1826401,21.298896,193,-0.23,2004018,60.85620381,15.34819214,5.95070386,6.776836609,14.52205939,15.45101848,Day,yellow4
27,109,656,732156.9115,89,194,65.72450533,259,0,387.2564688,21.876672,196,-0.22,2004018,60.880278,15.34819214,6.52847986,6.776836609,15.09983539,15.45101848,Day,yellow4
25,90,520,732157.0928,86,41,69.03646833,238.5,406.5,277.6266795,2.227776,191,-0.26,2004018,61.06157381,15.34819214,-13.12041614,6.776836609,-4.549060609,15.45101848,Day,yellow4
29,117,704,732157.1148,83,147,61.24964539,245,22.5,368.1014184,2.754456,187,-0.225,2004018,61.08351819,15.34819214,-12.59373614,6.776836609,-4.022380609,15.45101848,Day,yellow4
27,139,896,732158.0089,84,189,61.8238573,242.5,1.5,340.4671126,0.21444,194,-0.225,2004018,61.977685,15.36965416,-15.15521416,6.77684193,-6.56240193,15.42864979,Day,yellow4
30,137,856,732158.0324,81,144,62.35239207,258.5,0.5,366.8815636,0.776664,195,-0.225,2004018,62.00111078,15.36965416,-14.59299016,6.77684193,-6.00017793,15.42864979,Day,yellow4
25,94,552,732158.8139,79,20,62.43942134,244.5,464.5,285.6329114,19.53444,175,-0.245,2004018,62.78268481,15.38322126,4.15121874,6.769665735,12.76477427,15.40001157,Day,yellow4
26,129,824,732158.8328,81,40,63.31515152,244.5,316,291.0654545,19.987776,193,-0.245,2004018,62.80157441,15.38322126,4.60455474,6.769665735,13.21811027,15.40001157,Day,yellow4
28,141,904,732158.8549,78,21,62.39558011,259,688,316.5966851,20.516664,190,-0.235,2004018,62.82361159,15.38322126,5.13344274,6.769665735,13.74699827,15.40001157,Day,yellow4
23,167,1152,732158.8792,89,156,62.10494363,239.5,29,362.4431917,21.101112,172,-0.23,2004018,62.84796263,15.38322126,5.71789074,6.769665735,14.33144627,15.40001157,Day,yellow4
26,117,728,732158.9063,80,27,66.00960219,252,653.5,363.159808,21.752232,185,-0.22,2004018,62.87509241,15.38322126,6.36901074,6.769665735,14.98256627,15.40001157,Day,yellow4
26,81,440,732159.0629,80,27,82.34920635,259.5,634.5,244.8945578,1.510008,194,-0.23,2004018,63.03166641,15.38322126,-13.87321326,6.769665735,-5.259657735,15.40001157,Day,yellow4
107,139,256,732159.089,77,16,61.75486381,244.5,443,394.233463,2.136672,190,-0.22,2004018,63.05777741,15.38322126,-13.24654926,6.769665735,-4.632993735,15.40001157,Day,yellow4
25,117,736,732159.7478,71,91,53.55630936,246.5,149.5,296.3561737,17.947776,166,-0.235,2004018,63.71657381,15.40082704,2.54694896,6.762560487,11.18521551,15.37933922,Day,yellow4
27,133,848,732159.7696,70,23,51.51825677,266,418,307.8262662,18.469992,183,-0.23,2004018,63.738333,15.40082704,3.06916496,6.762560487,11.70743151,15.37933922,Day,yellow4
26,140,912,732159.7924,70,17,49.58707558,260,425.5,346.33954,19.016664,184,-0.235,2004018,63.76111141,15.40082704,3.61583696,6.762560487,12.25410351,15.37933922,Day,yellow4
23,144,968,732159.8168,76,30,57.21568627,250,546.5,359.627451,19.603344,192,-0.23,2004018,63.78555563,15.40082704,4.20251696,6.762560487,12.84078351,15.37933922,Day,yellow4
27,127,800,732159.8413,72,17,53.77902622,283,484,412.4662921,20.192232,197,-0.235,2004018,63.810093,15.40082704,4.79140496,6.762560487,13.42967151,15.37933922,Day,yellow4
30,92,496,732160.015,79,93,71.95171026,290.5,201,286.0653924,0.358896,189,-0.205,2004018,63.98370378,15.40082704,-15.04193104,6.762560487,-6.403664487,15.37933922,Day,yellow4
28,112,672,732160.0486,79,48,67.59881129,288.5,394,337.2414562,1.16556,152,-0.215,2004018,64.01731459,15.40082704,-14.23526704,6.762560487,-5.597000487,15.37933922,Day,yellow4
24,139,920,732160.7195,80,46,62.0640608,228,336,278.5521173,17.267784,183,-0.23,2004018,64.68824122,15.41847337,1.84931063,6.751266201,10.5165178,15.35043916,Day,yellow4
26,135,872,732160.7388,79,72,57.20160367,237,293.5,301.908362,17.73,182,-0.23,2004018,64.70750041,15.41847337,2.31152663,6.751266201,10.9787338,15.35043916,Day,yellow4
25,134,872,732160.7606,78,56,57.36311569,250,366.5,312.9501718,18.254448,180,-0.235,2004018,64.72935181,15.41847337,2.83597463,6.751266201,11.5031818,15.35043916,Day,yellow4
27,125,784,732160.7816,76,30,60.98726115,267,575,313.5197452,18.75888,195,-0.235,2004018,64.75037,15.41847337,3.34040663,6.751266201,12.0076138,15.35043916,Day,yellow4
33,118,680,732160.8036,68,69,54.1732746,311,275,380.6226138,19.28556,198,-0.225,2004018,64.77231456,15.41847337,3.86708663,6.751266201,12.5342938,15.35043916,Day,yellow4
27,126,792,732160.826,75,20,57.96343001,290.5,700,414.8820933,19.823328,195,-0.215,2004018,64.794722,15.41847337,4.40485463,6.751266201,13.0720618,15.35043916,Day,yellow4
26,95,552,732160.9838,87,151,77.73056058,268,18,275.1030741,23.61,204,-0.23,2004018,64.95250041,15.41847337,8.19152663,6.751266201,16.8587338,15.35043916,Day,yellow4
28,77,392,732161.0004,80,88,77.17302799,296,250.5,274.7798982,0.010008,197,-0.215,2004018,64.96916659,15.41847337,-15.40846537,6.751266201,-6.741258201,15.35043916,Day,yellow4
26,91,520,732161.0178,87,23,65.99808061,268,637,325.0863724,0.427776,186,-0.225,2004018,64.98657441,15.41847337,-14.99069737,6.751266201,-6.323490201,15.35043916,Day,yellow4
28,99,568,732161.0373,81,47,60.42706503,282,393.5,376.6353251,0.894456,186,-0.2,2004018,65.00601859,15.41847337,-14.52401737,6.751266201,-5.856810201,15.35043916,Day,yellow4
28,104,608,732161.7016,66,33,64.00328407,270.5,363.5,263.3284072,16.83888,168,-0.215,2004018,65.67037059,15.4394621,1.3994179,6.740020461,10.09885954,15.32154709,Day,yellow4
28,118,720,732161.7323,71,55,62.4257975,269,362.5,287.1074896,17.574456,181,-0.245,2004018,65.70101859,15.4394621,2.1349939,6.740020461,10.83443554,15.32154709,Day,yellow4
25,110,680,732161.7486,77,29,66.7856094,257,622,285.1409692,17.96556,184,-0.225,2004018,65.71731481,15.4394621,2.5260979,6.740020461,11.22553954,15.32154709,Day,yellow4
26,91,520,732161.7668,79,21,64.18234165,260,703,320.4318618,18.403344,194,-0.24,2004018,65.73555541,15.4394621,2.9638819,6.740020461,11.66332354,15.32154709,Day,yellow4
28,124,768,732161.7851,76,18,58.0260078,282,675,407.9486346,18.843336,173,-0.205,2004018,65.75388859,15.4394621,3.4038739,6.740020461,12.10331554,15.32154709,Day,yellow4
31,85,432,732161.9358,79,55,76.30946882,303,384,285.6050808,22.458888,192,-0.205,2004018,65.90453737,15.4394621,7.0194259,6.740020461,15.71886754,15.32154709,Day,yellow4
30,89,472,732161.9527,81,54,77.76109937,297,380.5,290.4059197,22.865544,195,-0.22,2004018,65.92148178,15.4394621,7.4260819,6.740020461,16.12552354,15.32154709,Day,yellow4
22,73,408,732163.7091,83,25,88.25672372,191.5,382,181.9437653,17.01888,172,-0.23,2004018,67.67787004,15.4866159,1.5322641,6.715081675,10.30379833,15.25459304,Day,yellow4
26,105,632,732163.7396,81,75,65.58293839,227.5,251,267.7962085,17.749992,186,-0.235,2004018,67.70833341,15.4866159,2.2633761,6.715081675,11.03491033,15.25459304,Day,yellow4
48,124,608,732163.7579,63,70,54.34811166,295,298,309.4499179,18.190008,194,-0.235,2004018,67.72666644,15.4866159,2.7033921,6.715081675,11.47492633,15.25459304,Day,yellow4
30,148,944,732163.7759,73,98,58.9015873,272.5,157.5,329.2312169,18.62112,184,-0.21,2004018,67.74462978,15.4866159,3.1345041,6.715081675,11.90603833,15.25459304,Day,yellow4
28,126,784,732163.7984,76,20,56.47515924,267,667,363.9248408,19.16112,193,-0.23,2004018,67.76712959,15.4866159,3.6745041,6.715081675,12.44603833,15.25459304,Day,yellow4
30,144,912,732163.821,71,57,60.50054765,291.5,369.5,387.9134721,19.703328,194,-0.215,2004018,67.78972178,15.4866159,4.2167121,6.715081675,12.98824633,15.25459304,Day,yellow4
34,108,592,732163.9434,74,39,62.62394604,304,344.5,308.1720067,22.64112,200,-0.215,2004018,67.91212915,15.4866159,7.1545041,6.715081675,15.92603833,15.25459304,Day,yellow4
29,117,704,732163.9687,75,16,54.4070922,292,619.5,389.9737589,23.247768,150,-0.215,2004018,67.93740719,15.4866159,7.7611521,6.715081675,16.53268633,15.25459304,Day,yellow4
31,121,720,732164.1641,60,17,57.11789182,290.5,606,314.3016644,3.93888,185,-0.215,2004018,68.13287037,15.4866159,-11.5477359,6.715081675,-2.776201675,15.25459304,Day,yellow4
28,134,848,732164.7338,72,27,74.15547703,231.5,380,243.7290931,17.61,174,-0.24,2004018,68.70249959,15.51277713,2.09722287,6.704090762,10.90590924,15.21747486,Day,yellow4
31,137,848,732164.7825,74,56,70.38751472,250,349,267.4157833,18.778896,188,-0.215,2004018,68.75120337,15.51277713,3.26611887,6.704090762,12.07480524,15.21747486,Day,yellow4
29,129,800,732165.7729,68,43,57.28214732,265.5,302.5,303.1086142,18.550008,180,-0.22,2004018,69.74166619,15.54030988,3.00969812,6.69311084,11.85689716,15.18033371,Day,yellow4
29,139,880,732165.82,72,18,54.82292849,279,644.5,366.0567537,19.681104,182,-0.205,2004018,69.78879619,15.54030988,4.14079412,6.69311084,12.98799316,15.18033371,Day,yellow4
28,118,720,732165.8456,71,96,56.16504854,267.5,149.5,382.09362,20.294448,187,-0.205,2004018,69.81435159,15.54030988,4.75413812,6.69311084,13.60133716,15.18033371,Day,yellow4
28,102,592,732166.7286,71,58,59.26644182,239,307,278.005059,17.48556,175,-0.22,2004018,70.69731459,15.5676292,1.9179308,6.682430863,10.80312914,15.14212098,Day,yellow4
28,151,984,732166.7506,77,18,69.70050761,237.5,619.5,282.5060914,18.014448,181,-0.235,2004018,70.71935159,15.5676292,2.4468188,6.682430863,11.33201714,15.14212098,Day,yellow4
23,105,656,732167.7179,85,140,58.04870624,207.5,49.5,323.3805175,17.230008,143,-0.22,2004018,71.68666663,15.59544471,1.63456329,6.671787122,10.55822088,15.10415792,Day,yellow4
26,89,504,732167.7396,77,26,60.2990099,244.5,635.5,344.5277228,17.749992,133,-0.2,2004018,71.70833341,15.59544471,2.15454729,6.671787122,11.07820488,15.10415792,Day,yellow4
29,67,304,732167.9366,94,60,85.75081967,245.5,347,268.8311475,22.47888,188,-0.18,2004018,71.90537019,15.59544471,6.88343529,6.671787122,15.80709288,15.10415792,Day,yellow4
33,100,536,732167.9553,91,58,79.97579143,258,369,268.3324022,22.927776,178,-0.175,2004018,71.92407456,15.59544471,7.33233129,6.671787122,16.25598888,15.10415792,Day,yellow4
31,137,848,732167.9733,93,63,71.85512367,243,345.5,286.2084806,23.358888,177,-0.195,2004018,71.94203737,15.59544471,7.76344329,6.671787122,16.68710088,15.10415792,Day,yellow4
34,101,536,732167.994,90,37,71.45437616,249,372,284.6368715,23.856672,175,-0.195,2004018,71.96277815,15.59544471,8.26122729,6.671787122,17.18488488,15.10415792,Day,yellow4
32,114,656,732168.0142,86,22,60.847793,267,547.5,357.2115677,0.341112,179,-0.19,2004018,71.98296296,15.59544471,-15.25433271,6.671787122,-6.330675122,15.10415792,Day,yellow4
29,120,728,732168.0375,91,68,65.19478738,247.5,273.5,372.9115226,0.901104,195,-0.2,2004018,72.00629619,15.59544471,-14.69434071,6.671787122,-5.770683122,15.10415792,Day,yellow4
27,110,664,732168.7011,73,62,55.6962406,215.5,319,301.6218045,16.82556,164,-0.2,2004018,72.669815,15.62334637,1.20221363,6.657231294,10.16832871,15.06178659,Day,yellow4
24,110,688,732168.7222,76,18,54.87808418,223.5,363.5,355.021045,17.332224,132,-0.2,2004018,72.69092622,15.62334637,1.70887763,6.657231294,10.67499271,15.06178659,Day,yellow4
28,94,528,732168.9353,86,100,71.72778828,245.5,185.5,275.6153119,22.447776,194,-0.205,2004018,72.90407359,15.62334637,6.82442963,6.657231294,15.79054471,15.06178659,Day,yellow4
28,98,560,732168.9591,85,26,64.72192513,250,705,360.8582888,23.01888,191,-0.185,2004018,72.92787059,15.62334637,7.39553363,6.657231294,16.36164871,15.06178659,Day,yellow4
30,85,440,732169.1364,71,40,64.16553288,276.5,387.5,331.9070295,3.27444,186,-0.175,2004018,73.10518478,15.62334637,-12.34890637,6.657231294,-3.382791294,15.06178659,Day,yellow4
27,103,608,732169.713,66,61,55.79638752,251,225.5,277.41133,17.112216,172,-0.185,2004018,73.681759,15.64800874,1.46420726,6.642695844,10.46952016,15.01934947,Day,yellow4
25,107,656,732169.731,80,30,51.33942161,230.5,300,316.2534247,17.543328,177,-0.195,2004018,73.69972181,15.64800874,1.89531926,6.642695844,10.90063216,15.01934947,Day,yellow4
28,119,728,732169.7512,74,37,54.38545953,244.5,414.5,341.6028807,18.027768,177,-0.205,2004018,73.71990759,15.64800874,2.37975926,6.642695844,11.38507216,15.01934947,Day,yellow4
32,74,336,732169.93,85,87,75.41839763,279,219,285.5845697,22.321104,192,-0.205,2004018,73.89879596,15.64800874,6.67309526,6.642695844,15.67840816,15.01934947,Day,yellow4
28,116,704,732170.0008,92,22,74.74893617,244.5,704.5,283.470922,0.018888,189,-0.2,2004018,73.96953659,15.64800874,-15.62912074,6.642695844,-6.623807844,15.01934947,Day,yellow4
27,84,456,732170.0185,96,57,76.76586433,236,352,265.4890591,0.443328,191,-0.21,2004018,73.987222,15.64800874,-15.20468074,6.642695844,-6.199367844,15.01934947,Day,yellow4
28,155,1016,732170.0381,92,18,60.53294002,250,652,402.2064897,0.914448,188,-0.2,2004018,74.00685159,15.64800874,-14.73356074,6.642695844,-5.728247844,15.01934947,Day,yellow4
26,101,600,732170.6554,32,106,58.17304493,192,74,248.9658902,15.730008,111,-0.185,2004018,74.62416641,15.67262669,0.05738131,6.618567435,9.111440565,14.9705587,Twilight,grey50
95,137,336,732170.9943,53,53,71.93768546,371.5,356.5,275.4421365,23.863344,190,-0.225,2004018,74.9630553,15.67262669,8.19071731,6.618567435,17.24477657,14.9705587,Day,yellow4
30,100,560,732171.0142,80,21,61.5597148,256.5,624.5,359.6639929,0.341112,192,-0.2,2004018,74.98296278,15.67262669,-15.33151469,6.618567435,-6.277455435,14.9705587,Day,yellow4
22,122,800,732171.6554,34,17,43.74531835,182.5,449.5,257.9975031,15.730008,107,-0.2,2004018,75.62416704,15.69371046,0.03629754,6.594455913,9.135552087,14.92182922,Twilight,grey50
24,138,912,732171.6757,55,22,43.10405257,197.5,337,290.016977,16.216656,144,-0.2,2004018,75.64444422,15.69371046,0.52294554,6.594455913,9.622200087,14.92182922,Day,yellow4
42,152,880,732171.6981,58,16,44.87514188,232.5,622,332.4143019,16.754448,127,-0.225,2004018,75.66685189,15.69371046,1.06073754,6.594455913,10.15999209,14.92182922,Day,yellow4
27,169,1136,732171.7176,65,95,46.1759015,241.5,168,384.5505717,17.223336,168,-0.21,2004018,75.686389,15.69371046,1.52962554,6.594455913,10.62888009,14.92182922,Day,yellow4
34,158,992,732171.743,62,20,50.8429003,271,705,404.7114804,17.832216,172,-0.205,2004018,75.71175915,15.69371046,2.13850554,6.594455913,11.23776009,14.92182922,Day,yellow4
32,75,344,732171.8486,66,27,57.2,308,480,323.0536232,20.36556,181,-0.2,2004018,75.81731496,15.69371046,4.67184954,6.594455913,13.77110409,14.92182922,Day,yellow4
32,70,304,732171.8961,72,36,68.24918033,287,455,300.1360656,21.50556,192,-0.17,2004018,75.86481496,15.69371046,5.81184954,6.594455913,14.91110409,14.92182922,Day,yellow4
30,78,384,732172.0313,71,42,61.32727273,288,307,296.3974026,0.752232,191,-0.195,2004018,76.00009278,15.69371046,-14.94147846,6.594455913,-5.842223913,14.92182922,Day,yellow4
31,84,424,732172.0513,71,64,56.48235294,273.5,310.5,298.1976471,1.23,191,-0.175,2004018,76.02000037,15.69371046,-14.46371046,6.594455913,-5.364455913,14.92182922,Day,yellow4
31,93,496,732172.0738,69,66,59.41247485,267.5,263.5,356.3239437,1.77,182,-0.17,2004018,76.04250037,15.69371046,-13.92371046,6.594455913,-4.824455913,14.92182922,Day,yellow4
25,81,448,732172.6944,64,23,58.99109131,233,370,251.3507795,16.665552,164,-0.195,2004018,76.66314781,15.71482789,0.95072411,6.565130388,10.10042161,14.87141993,Day,yellow4
27,96,552,732172.7275,67,24,51.01446655,251,390.5,284.3734177,17.461104,180,-0.2,2004018,76.696296,15.71482789,1.74627611,6.565130388,10.89597361,14.87141993,Day,yellow4
27,128,808,732172.7474,68,97,54.80716934,252,132.5,290.4932015,17.936664,181,-0.195,2004018,76.716111,15.71482789,2.22183611,6.565130388,11.37153361,14.87141993,Day,yellow4
87,161,592,732172.7758,30,19,54.94266442,344,644,323.0480607,18.618888,178,-0.175,2004018,76.74453656,15.71482789,2.90406011,6.565130388,12.05375761,14.87141993,Day,yellow4
33,136,824,732172.7963,70,20,54.97818182,271.5,649,382.210303,19.11,183,-0.175,2004018,76.76499956,15.71482789,3.39517211,6.565130388,12.54486961,14.87141993,Day,yellow4
64,98,272,732172.9087,55,46,82.22794118,329.5,354,240.1580882,21.807768,201,-0.19,2004018,76.87740693,15.71482789,6.09294011,6.565130388,15.24263761,14.87141993,Day,yellow4
29,61,256,732172.928,74,46,72.9921875,276,301,273.0175781,22.272216,191,-0.17,2004018,76.89675919,15.71482789,6.55738811,6.565130388,15.70708561,14.87141993,Day,yellow4
31,97,528,732172.95,79,74,66.4442344,258.5,283.5,338.8147448,22.801104,193,-0.19,2004018,76.91879637,15.71482789,7.08627611,6.565130388,16.23597361,14.87141993,Day,yellow4
33,113,640,732173.6972,54,31,45.2324493,252.5,328,318.0413417,16.732224,165,-0.165,2004018,77.66592556,15.73521869,0.99700531,6.535807796,10.1964162,14.82097991,Day,yellow4
32,153,968,732173.7376,56,18,48.10526316,281.5,647,340.2585139,17.703336,174,-0.18,2004018,77.70638896,15.73521869,1.96811731,6.535807796,11.1675282,14.82097991,Day,yellow4
32,142,880,732173.7637,59,23,50.68671964,273.5,683,359.6821793,18.327768,183,-0.185,2004018,77.73240696,15.73521869,2.59254931,6.535807796,11.7919602,14.82097991,Day,yellow4
29,134,840,732173.7905,70,21,52.03686088,270.5,694.5,405.656956,18.972216,183,-0.19,2004018,77.75925919,15.73521869,3.23699731,6.535807796,12.4364082,14.82097991,Day,yellow4
31,70,312,732173.9217,73,72,71.46325879,306.5,320,296.3370607,22.121112,153,-0.19,2004018,77.89046337,15.73521869,6.38589331,6.535807796,15.5853042,14.82097991,Day,yellow4
29,101,576,732173.9404,83,68,67.54766031,268.5,298.5,288.3388215,22.570008,194,-0.195,2004018,77.90916619,15.73521869,6.83478931,6.535807796,16.0342002,14.82097991,Day,yellow4
30,81,408,732173.9592,87,186,63.29584352,254.5,0,294.4119804,23.021112,194,-0.195,2004018,77.92796278,15.73521869,7.28589331,6.535807796,16.4853042,14.82097991,Day,yellow4
28,102,592,732173.9785,88,20,63.89713322,257,690,324.1897133,23.483328,195,-0.205,2004018,77.94722259,15.73521869,7.74810931,6.535807796,16.9475202,14.82097991,Day,yellow4
28,90,496,732174.0006,77,151,63.51911469,259.5,27,370.8360161,0.014448,184,-0.165,2004018,77.96935159,15.73521869,-15.72077069,6.535807796,-6.521359796,14.82097991,Day,yellow4
87,160,584,732174.7273,28,67,64.02735043,330.5,284.5,261.8478632,17.454456,172,-0.21,2004018,78.69601856,15.75574854,1.69870746,6.5105734,10.9438826,14.77535471,Day,yellow4
31,102,568,732174.7673,71,55,72.3602812,249,326,258.3945518,18.414456,174,-0.18,2004018,78.73601837,15.75574854,2.65870746,6.5105734,11.9038826,14.77535471,Day,yellow4
33,115,656,732174.7902,76,24,74.8325723,256.5,666,275.8713851,18.965544,174,-0.195,2004018,78.75898156,15.75574854,3.20979546,6.5105734,12.4549706,14.77535471,Day,yellow4
71,96,200,732174.9223,64,81,93.84079602,328,259.5,227.2661692,22.134456,191,-0.17,2004018,78.89101807,15.75574854,6.37870746,6.5105734,15.6238826,14.77535471,Day,yellow4
29,116,696,732174.9615,87,35,56.11908178,242,325,395.9153515,23.076672,193,-0.2,2004018,78.93027819,15.75574854,7.32092346,6.5105734,16.5660986,14.77535471,Day,yellow4
30,92,496,732175.1084,78,52,69.89336016,235.5,331,251.3772636,2.60112,182,-0.195,2004018,79.07712978,15.75574854,-13.15462854,6.5105734,-3.9094534,14.77535471,Day,yellow4
22,98,608,732175.6608,40,79,54.95073892,180,200.5,235.7036125,15.858888,111,-0.21,2004018,79.62953704,15.77712211,0.08176589,6.485344072,9.373543928,14.72959553,Twilight,grey50
26,129,824,732175.675,52,183,64.55636364,222,0,243.8660606,16.201104,144,-0.19,2004018,79.64379641,15.77712211,0.42398189,6.485344072,9.715759928,14.72959553,Twilight,grey50
28,101,584,732175.6917,65,23,64.15384615,240,366,252.6589744,16.601112,162,-0.215,2004018,79.66046259,15.77712211,0.82398989,6.485344072,10.11576793,14.72959553,Day,yellow4
33,111,624,732175.7377,59,27,65.9232,295,365.5,266.5832,17.705544,143,-0.19,2004018,79.70648156,15.77712211,1.92842189,6.485344072,11.22019993,14.72959553,Day,yellow4
35,117,656,732175.7872,67,44,66.33637747,274,311,271.8812785,18.892224,181,-0.18,2004018,79.75592574,15.77712211,3.11510189,6.485344072,12.40687993,14.72959553,Day,yellow4
33,113,640,732175.8052,76,96,59.2574103,264,151,297.2597504,19.325544,181,-0.18,2004018,79.77398156,15.77712211,3.54842189,6.485344072,12.84019993,14.72959553,Day,yellow4
35,112,616,732175.8248,77,16,54.05510535,280,471,353.8128039,19.794456,182,-0.175,2004018,79.79351874,15.77712211,4.01733389,6.485344072,13.30911193,14.72959553,Day,yellow4
30,115,680,732175.846,79,147,56.32305433,264.5,1.5,391.1417034,20.303328,189,-0.185,2004018,79.81472178,15.77712211,4.52620589,6.485344072,13.81798393,14.72959553,Day,yellow4
31,113,656,732176.8682,62,19,58.04718417,263.5,687,396.3074581,20.836656,189,-0.19,2004018,80.83694437,15.79850638,5.03814962,6.463755004,14.372901,14.68663289,Day,yellow4
24,142,944,732177.753,84,18,56.55132275,207,481,292.9359788,18.072216,174,-0.195,2004018,81.72175922,15.82201104,2.25020496,6.442035881,11.63018012,14.6435295,Day,yellow4
28,165,1096,732177.7754,77,55,54.28805834,241.5,339.5,316.1289881,18.610008,187,-0.19,2004018,81.74416659,15.82201104,2.78799696,6.442035881,12.16797212,14.6435295,Day,yellow4
58,164,848,732177.8316,66,35,59.76207303,314.5,474,347.5700825,19.95888,181,-0.195,2004018,81.80037037,15.82201104,4.13686896,6.442035881,13.51684412,14.6435295,Day,yellow4
35,113,624,732177.8587,71,19,56.3968,279,684,395.416,20.607768,196,-0.16,2004018,81.82740774,15.82201104,4.78575696,6.442035881,14.16573212,14.6435295,Day,yellow4
30,74,352,732178.029,67,23,52.47875354,272,374,303.7677054,0.696672,173,-0.18,2004018,81.99777778,15.82201104,-15.12533904,6.442035881,-5.745363881,14.6435295,Day,yellow4
35,72,296,732178.0489,67,23,54.21885522,288.5,395.5,293.5353535,1.17444,184,-0.19,2004018,82.01768474,15.82201104,-14.64757104,6.442035881,-5.267595881,14.6435295,Day,yellow4
31,108,616,732178.0704,68,17,47.7471637,265.5,657,393.3103728,1.690008,181,-0.195,2004018,82.03916637,15.82201104,-14.13200304,6.442035881,-4.752027881,14.6435295,Day,yellow4
30,135,840,732178.819,76,118,52.23781213,267,131,371.324019,19.656672,185,-0.185,2004018,82.78777778,15.8456447,3.8110273,6.42798698,13.22868502,14.60597594,Day,yellow4
35,137,816,732178.8448,76,78,50.69400245,277.5,246,420.6481028,20.274456,192,-0.215,2004018,82.81351874,15.8456447,4.4288113,6.42798698,13.84646902,14.60597594,Day,yellow4
83,140,456,732178.956,54,93,76.30634573,359.5,217,276.8599562,22.943328,191,-0.18,2004018,82.92472219,15.8456447,7.0976833,6.42798698,16.51534102,14.60597594,Day,yellow4
33,94,488,732178.9989,85,81,55.54396728,260.5,212,388.7822086,23.97444,196,-0.195,2004018,82.96768556,15.8456447,8.1287953,6.42798698,17.54645302,14.60597594,Day,yellow4
33,114,648,732179.6941,41,64,51.03543914,273,259,267.1540832,16.65888,148,-0.17,2004018,83.66287056,15.87809602,0.78078398,6.413909945,10.24497006,14.56826524,Day,yellow4
30,111,648,732179.7115,52,48,45.81972265,266.5,315.5,296.4383667,17.076672,164,-0.165,2004018,83.68027778,15.87809602,1.19857598,6.413909945,10.66276206,14.56826524,Day,yellow4
29,134,840,732179.7304,57,22,49.07966706,264.5,661,345.2841855,17.530008,167,-0.18,2004018,83.69916619,15.87809602,1.65191198,6.413909945,11.11609806,14.56826524,Day,yellow4
31,137,848,732179.7544,60,17,47.73027091,273,648.5,400.2756184,18.105552,176,-0.165,2004018,83.72314837,15.87809602,2.22745598,6.413909945,11.69164206,14.56826524,Day,yellow4
31,99,544,732180.7255,51,34,49.20917431,296.5,309,294.259633,17.412216,179,-0.175,2004018,84.69425937,15.91049203,1.50172397,6.410686915,11.00152909,14.53259089,Day,yellow4
84,141,456,732180.7524,26,66,41.66520788,357,286,330.4102845,18.056664,176,-0.16,2004018,84.72111078,15.91049203,2.14617197,6.410686915,11.64597709,14.53259089,Day,yellow4
34,160,1008,732180.7741,62,16,49.06838454,285.5,588,385.0203171,18.57888,188,-0.16,2004018,84.74287015,15.91049203,2.66838797,6.410686915,12.16819309,14.53259089,Day,yellow4
27,116,712,732182.6789,39,21,47.11781206,230.5,632.5,285.371669,16.29444,138,-0.185,2004018,86.647685,15.9840901,0.3103499,6.404177577,9.890262423,14.45682231,Twilight,grey50
32,144,896,732182.7169,52,102,45.20735786,274.5,147,397.0362319,17.205552,163,-0.185,2004018,86.68564796,15.9840901,1.2214619,6.404177577,10.80137442,14.45682231,Day,yellow4
32,123,728,732182.9114,60,32,45.51440329,303.5,392.5,347.6097394,21.87444,189,-0.2,2004018,86.88018496,15.9840901,5.8903499,6.404177577,15.47026242,14.45682231,Day,yellow4
34,154,960,732182.9333,74,18,48.70343392,287,656.5,392.8314256,22.398888,182,-0.195,2004018,86.90203715,15.9840901,6.4147979,6.404177577,15.99471042,14.45682231,Day,yellow4
27,136,872,732183.6837,39,17,47.69644903,227,456,265.2892325,16.407768,139,-0.215,2004018,87.652407,16.01576079,0.39200721,6.400857521,10.00691048,14.41676742,Twilight,grey50
30,124,752,732183.7062,51,134,43.82337317,241,41,289.4302789,16.947768,158,-0.18,2004018,87.67490778,16.01576079,0.93200721,6.400857521,10.54691048,14.41676742,Day,yellow4
28,147,952,732183.727,63,20,46.53620147,230,621,314.1532004,17.447784,169,-0.19,2004018,87.69574059,16.01576079,1.43202321,6.400857521,11.04692648,14.41676742,Day,yellow4
31,162,1048,732183.7527,64,126,44.7693041,256,77,379.2202097,18.065544,182,-0.2,2004018,87.72148137,16.01576079,2.04978321,6.400857521,11.66468648,14.41676742,Day,yellow4
31,140,872,732183.7802,63,20,48.82932417,262.5,575,403.0206186,18.725544,180,-0.195,2004018,87.74898137,16.01576079,2.70978321,6.400857521,12.32468648,14.41676742,Day,yellow4
26,102,608,732184.6876,38,57,53.96059113,223,285.5,241.6756979,16.503336,131,-0.2,2004018,88.65638841,16.04763415,0.45570185,6.391448417,10.11188758,14.37568763,Twilight,grey50
31,152,968,732184.94,69,28,65.89783282,258,565.5,282.3673891,22.558896,179,-0.195,2004018,88.90870337,16.04763415,6.51126185,6.391448417,16.16744758,14.37568763,Day,yellow4
32,160,1024,732184.9661,79,18,64.68292683,250,655.5,336.3668293,23.18556,188,-0.17,2004018,88.93481496,16.04763415,7.13792585,6.391448417,16.79411158,14.37568763,Day,yellow4
36,116,640,732184.9961,74,26,68.60374415,271.5,660.5,333.7020281,23.90556,190,-0.18,2004018,88.96481433,16.04763415,7.85792585,6.391448417,17.51411158,14.37568763,Day,yellow4
31,111,640,732185.1686,68,77,65.91731669,258.5,137,277.6123245,4.04556,182,-0.19,2004018,89.13731437,16.04763415,-12.00207415,6.391448417,-2.345888417,14.37568763,Day,yellow4
31,102,568,732185.9713,69,62,55.43057996,279,291.5,291.1300527,23.312232,181,-0.19,2004018,89.94009237,16.08108633,7.23114567,6.374749962,16.93748204,14.29516235,Day,yellow4
32,101,552,732186.0095,70,25,51.49728752,273.5,633,351.2685353,0.227784,189,-0.19,2004018,89.97824096,16.08108633,-15.85330233,6.374749962,-6.146965962,14.29516235,Day,yellow4
32,115,664,732186.182,67,147,46.36992481,249,0,310.8609023,4.367784,178,-0.17,2004018,90.15074096,16.08108633,-11.71330233,6.374749962,-2.006965962,14.29516235,Day,yellow4
29,130,808,732186.695,46,17,45.18912237,204,630.5,274.3485785,16.681104,139,-0.175,2004018,90.66379619,16.11138834,0.56971566,6.366006309,10.31509769,14.28491998,Day,yellow4
29,149,960,732186.7138,58,184,45.09677419,197.5,0.5,336.9354839,17.13,161,-0.17,2004018,90.68250019,16.11138834,1.01861166,6.366006309,10.76399369,14.28491998,Day,yellow4
29,119,720,732186.9284,63,52,54.10263523,267,279,282.757975,22.28112,181,-0.185,2004018,90.89712919,16.11138834,6.16973166,6.366006309,15.91511369,14.28491998,Day,yellow4
30,141,888,732186.9484,65,16,48.10573678,262,649,373.9071991,22.76112,182,-0.175,2004018,90.91712978,16.11138834,6.64973166,6.366006309,16.39511369,14.28491998,Day,yellow4
31,151,960,732186.97,66,132,46.98647242,256.5,54,414.3563996,23.281104,182,-0.215,2004018,90.93879637,16.11138834,7.16971566,6.366006309,16.91509769,14.28491998,Day,yellow4
25,104,632,732187.7012,62,36,59.98736177,189.5,295.5,236.2330174,16.827768,161,-0.19,2004018,91.66990781,16.14075955,0.68700845,6.349869887,10.47789811,14.23848154,Day,yellow4
29,113,672,732187.7177,63,67,56.5141159,230,222.5,263.3447251,17.225544,160,-0.215,2004018,91.68648119,16.14075955,1.08478445,6.349869887,10.87567411,14.23848154,Day,yellow4
28,125,776,732187.7357,61,45,53.46074646,254.5,320.5,288.7297297,17.656656,171,-0.21,2004018,91.70444459,16.14075955,1.51589645,6.349869887,11.30678611,14.23848154,Day,yellow4
28,149,968,732187.7572,71,20,46.56140351,255,375.5,376.6073271,18.172224,151,-0.19,2004018,91.72592559,16.14075955,2.03146445,6.349869887,11.82235411,14.23848154,Day,yellow4
30,142,896,732187.7807,64,17,48.03790412,276,657,406.1153846,18.736656,178,-0.22,2004018,91.74944478,16.14075955,2.59589645,6.349869887,12.38678611,14.23848154,Day,yellow4
168,210,336,732188.0249,22,15,46.34124629,406,686.5,419.9792285,0.596664,188,-0.205,2004018,91.99361156,16.14075955,-15.54409555,6.349869887,-5.753205887,14.23848154,Day,yellow4
27,96,552,732188.6879,37,27,44.92224231,228.5,349,265.5108499,16.510008,139,-0.195,2004018,92.656667,16.17020438,0.33980362,6.332293128,10.17771487,14.19153357,Twilight,grey50
29,135,848,732188.7261,59,16,45.35689046,241,707.5,411.2479388,17.42556,165,-0.21,2004018,92.69481519,16.17020438,1.25535562,6.332293128,11.09326687,14.19153357,Day,yellow4
27,112,680,732189.665,26,50,41.58737151,206,273,300.1908957,15.961104,80,-0.185,2004018,93.633796,16.17020438,-0.20910038,6.314575304,9.646528696,14.14437092,Twilight,grey50
30,131,808,732189.8775,71,36,62.00988875,272.5,334.5,291.1693449,21.061104,182,-0.195,2004018,93.84629678,16.18872763,4.87237637,6.314575304,14.7465287,14.14437092,Day,yellow4
33,137,832,732189.9488,74,43,56.90036014,274,390.5,394.9603842,22.77,194,-0.21,2004018,93.91749956,16.18872763,6.58127237,6.314575304,16.4554247,14.14437092,Day,yellow4
29,148,952,732190.7026,52,15,44.65582371,234.5,590.5,358.8478489,16.863336,148,-0.175,2004018,94.67138919,16.20721388,0.65612212,6.294443646,10.56889235,14.10571602,Day,yellow4
34,133,792,732190.9559,68,184,48.10088272,279,0,414.5075662,22.94112,192,-0.22,2004018,94.92462915,16.20721388,6.73390612,6.294443646,16.64667635,14.10571602,Day,yellow4
29,120,728,732191.6782,27,14,31.71879287,246,349.5,337.0973937,16.276656,93,-0.185,2004018,95.64694419,16.20721388,0.06944212,6.274446883,10.00220912,14.067233,Twilight,grey50
38,116,624,732192.0219,60,49,48.3504,289,290.5,350.8184,0.525552,183,-0.225,2004018,95.99064852,16.22078555,-15.69523355,6.274446883,-5.748894883,14.067233,Day,yellow4
35,158,984,732192.7248,54,18,43.35025381,227.5,642.5,340.4162437,17.394456,164,-0.17,2004018,96.69351874,16.23417435,1.16028165,6.248524413,11.14593159,14.02773886,Day,yellow4
31,153,976,732192.7514,57,16,43.790174,249,604.5,391.0890481,18.03444,176,-0.195,2004018,96.72018537,16.23417435,1.80026565,6.248524413,11.78591559,14.02773886,Day,yellow4
29,123,752,732193.6499,26,92,30.53253652,183,94,243.1792829,15.596664,76,-0.17,2004018,97.61861119,16.23417435,-0.63751035,6.222594196,9.374069804,13.98841984,Night,darkblue
22,144,976,732193.669,29,14,33.57830092,140.5,469,347.4611054,16.056672,85,-0.21,2004018,97.63777804,16.23417435,-0.17750235,6.222594196,9.834077804,13.98841984,Twilight,grey50
18,80,496,732194.6024,29,44,30.4889336,111,27.5,122.054326,14.456664,69,-0.17,2004018,98.57111067,16.24721817,-1.79055417,6.188451374,8.268212626,13.9412332,Night,darkblue
20,143,984,732194.6319,30,71,29.15532995,99,142,223.5446701,15.165552,78,-0.18,2004018,98.60064785,16.24721817,-1.08166617,6.188451374,8.977100626,13.9412332,Night,darkblue
27,181,1232,732194.6699,26,18,36.70478508,154,625,353.6232766,16.076664,81,-0.165,2004018,98.638611,16.24721817,-0.17055417,6.188451374,9.888212626,13.9412332,Twilight,grey50
17,97,640,732195.5925,30,13,26.60062403,97,304.5,160.2129485,14.221104,70,-0.16,2004018,99.56129607,16.26031163,-2.03920763,6.154380554,8.066723446,13.89406893,Night,darkblue
17,180,1304,732195.6119,31,16,26.4183908,82,418,245.4536398,14.685552,67,-0.18,2004018,99.58064807,16.26031163,-1.57475963,6.154380554,8.531171446,13.89406893,Night,darkblue
22,172,1200,732195.636,27,138,30.13905079,129,7,265.7535387,15.263328,68,-0.17,2004018,99.60472204,16.26031163,-0.99698363,6.154380554,9.108947446,13.89406893,Night,darkblue
21,205,1472,732195.6633,28,31,39.73048201,120,483,328.6306857,15.918888,76,-0.195,2004018,99.63203744,16.26031163,-0.34142363,6.154380554,9.764507446,13.89406893,Twilight,grey50
21,119,784,732196.5917,28,17,21.19745223,158.5,328.5,213.9898089,14.201112,65,-0.155,2004018,100.5604634,16.26824,-2.067128,6.115618006,8.085493994,13.847378,Night,darkblue
19,125,848,732196.6089,28,28,22.00471143,127.5,237.5,235.3050648,14.61444,66,-0.195,2004018,100.5776853,16.26824,-1.6538,6.115618006,8.498821994,13.847378,Night,darkblue
26,129,824,732196.6318,25,47,21.49939394,176,247,277.7121212,15.163344,70,-0.165,2004018,100.6005554,16.26824,-1.104896,6.115618006,9.047725994,13.847378,Night,darkblue
24,162,1104,732196.6577,27,22,32.03348416,180,307.5,346.5895928,15.785544,72,-0.21,2004018,100.6264812,16.26824,-0.482696,6.115618006,9.669925994,13.847378,Twilight,grey50
14,163,1192,732197.6522,30,17,29.5984912,107,585,321.0088013,15.652224,52,-0.195,2004018,101.6209263,16.27618667,-0.62396267,6.077246217,9.574977783,13.80105955,Night,darkblue
22,166,1152,732197.673,28,27,34.81613183,157,485.5,349.1838682,16.152216,76,-0.19,2004018,101.641759,16.27618667,-0.12397067,6.077246217,10.07496978,13.80105955,Twilight,grey50
28,117,712,732198.7016,38,53,36.49789621,236.5,286.5,320.0413745,16.83888,136,-0.195,2004018,102.6703706,16.28674579,0.55213421,6.028530904,10.8103491,13.74702388,Day,yellow4
29,134,840,732198.7214,44,88,35.84185493,266.5,142.5,358.2306778,17.31444,157,-0.175,2004018,102.6901852,16.28674579,1.02769421,6.028530904,11.2859091,13.74702388,Day,yellow4
18,153,1080,732199.6227,29,37,27.00092507,91.5,296.5,216.7821462,14.945544,53,-0.135,2004018,103.5914817,16.28674579,-1.34120179,5.980189651,8.965354349,13.69344386,Night,darkblue
18,151,1064,732199.6432,28,25,26.17464789,100.5,254.5,287.1577465,15.436656,50,-0.185,2004018,103.6119447,16.28674579,-0.85008979,5.980189651,9.456466349,13.69344386,Night,darkblue
27,165,1104,732199.6658,26,171,33.35384615,155.5,1,333.1737557,15.978888,67,-0.165,2004018,103.634537,16.28674579,-0.30785779,5.980189651,9.998698349,13.69344386,Twilight,grey50
34,168,1072,732199.6929,31,76,40.75862069,250,154,370.4608574,16.630008,132,-0.185,2004018,103.6616671,16.29168902,0.33831898,5.980189651,10.64981835,13.69344386,Twilight,grey50
37,170,1064,732200.7982,50,34,42.94647887,295,287.5,413.1995305,19.156656,172,-0.135,2004018,104.7669449,16.29659364,2.86006236,5.925813308,13.23084269,13.63412429,Day,yellow4
32,138,848,732201.6862,29,17,40.49941107,250.5,459,288.8080094,16.467768,123,-0.11,2004018,105.654907,16.29874412,0.16902388,5.871626732,10.59614127,13.57503309,Twilight,grey50
34,145,888,732201.7056,36,33,40.17660292,285.5,391,333.4634421,16.934448,158,-0.16,2004018,105.6743521,16.29874412,0.63570388,5.871626732,11.06282127,13.57503309,Day,yellow4
38,147,872,732201.7292,38,82,40.10996564,304.5,164.5,384.3894616,17.501112,168,-0.16,2004018,105.6979625,16.29874412,1.20236788,5.871626732,11.62948527,13.57503309,Day,yellow4
24,139,920,732202.6338,26,14,26.28338762,165,361,217.3599349,15.212232,41,-0.105,2004018,106.6025922,16.29874412,-1.08651212,5.820968252,9.391263748,13.52222413,Night,darkblue
22,140,944,732202.6553,28,16,32.77671958,137,447,246.062963,15.727776,55,-0.145,2004018,106.624074,16.29874412,-0.57096812,5.820968252,9.906807748,13.52222413,Night,darkblue
26,160,1072,732202.678,28,15,34.77073625,185.5,589,328.0997204,16.272216,99,-0.125,2004018,106.6467594,16.29874412,-0.02652812,5.820968252,10.45124775,13.52222413,Twilight,grey50
37,170,1064,732202.7047,34,17,36.70234742,281,665,387.870892,16.912224,144,-0.115,2004018,106.6734259,16.30089034,0.61133366,5.820968252,11.09125575,13.52222413,Day,yellow4
39,301,2096,732202.7325,38,193,44.08154506,295.5,0,418.3969957,17.578896,166,-0.115,2004018,106.7012041,16.30089034,1.27800566,5.820968252,11.75792775,13.52222413,Day,yellow4
19,152,1064,732203.6139,27,19,26.80187793,141.5,538,209.1779343,14.73444,46,-0.11,2004018,107.5826853,16.30089034,-1.56645034,5.770391167,8.964048833,13.46950083,Night,darkblue
22,149,1016,732203.6552,26,14,31.59587021,155.5,375.5,324.5639135,15.725544,59,-0.12,2004018,107.623981,16.30089034,-0.57534634,5.770391167,9.955152833,13.46950083,Night,darkblue
29,191,1296,732203.6772,27,14,38.00385505,228,588.5,392.9614495,16.252224,98,-0.13,2004018,107.6459262,16.30089034,-0.04866634,5.770391167,10.48183283,13.46950083,Twilight,grey50
83,165,656,732207.5866,17,16,20.43531202,130.5,98.5,107.5479452,14.07888,46,0.055,2004018,111.5553702,16.28939687,-2.21051687,5.573468807,8.505411193,13.28407194,Night,darkblue
51,139,704,732209.7371,31,23,38.88652482,359,622,375.3382979,17.689992,168,0.1,2004018,113.7058332,16.27194311,1.41804889,5.47635559,12.21363641,13.19432138,Day,yellow4
76,122,368,732210.6676,18,53,27.14905149,200,217.5,207.8943089,16.023336,67,0.145,2004018,114.636389,16.27194311,-0.24860711,5.429100844,10.59423516,13.15715774,Twilight,grey50
193,297,832,732211.7347,20,20,45.13565426,301.5,428.5,393.6140456,17.632224,163,0.155,2004018,115.7034264,16.24675478,1.38546922,5.381945393,12.25027861,13.12006213,Day,yellow4
34,103,552,732212.6479,23,22,27.05063291,235.5,369.5,189.7585895,15.550008,45,0.125,2004018,116.6166671,16.24675478,-0.69674678,5.328276146,10.22173185,13.08152137,Night,darkblue
55,145,720,732212.6714,20,13,30.3037448,285.5,505.5,315.4133148,16.11444,81,0.135,2004018,116.6401856,16.24675478,-0.13231478,5.328276146,10.78616385,13.08152137,Twilight,grey50
85,174,712,732212.9685,52,37,59.27489481,306,308.5,248.9004208,23.243328,194,0.11,2004018,116.9372224,16.23158695,7.01174105,5.328276146,17.91505185,13.08152137,Day,yellow4
104,157,424,732212.9899,35,27,61.28235294,325,338.5,244.1823529,23.756664,182,0.11,2004018,116.9586106,16.23158695,7.52507705,5.328276146,18.42838785,13.08152137,Day,yellow4
112,182,560,732213.0118,28,178,53.86631016,315,0,318.7727273,0.283344,191,0.13,2004018,116.9805554,16.23158695,-15.94824295,5.328276146,-5.044932146,13.08152137,Day,yellow4
40,113,584,732213.6599,22,79,32.1008547,254,132,238.2068376,15.836664,61,0.13,2004018,117.6286107,16.23158695,-0.39492295,5.274148419,10.56251558,13.04256146,Twilight,grey50
100,227,1016,732214.6851,17,105,43.07866273,340,100.5,327.8318584,16.443336,107,0.155,2004018,118.6538893,16.19440074,0.24893526,5.211845357,11.23149064,12.99885896,Twilight,grey50
52,142,720,732214.907,40,132,50.92649098,358.5,48.5,282.776699,21.767784,195,0.125,2004018,118.8757408,16.19440074,5.57338326,5.211845357,16.55593864,12.99885896,Day,yellow4
99,141,336,732214.9351,35,29,50.21958457,341,334,280.7195846,22.443336,194,0.13,2004018,118.9038887,16.19440074,6.24893526,5.211845357,17.23149064,12.99885896,Day,yellow4
92,148,448,732214.9568,33,104,41.0155902,346.5,124,380.0501114,22.963344,185,0.125,2004018,118.9255555,16.19440074,6.76894326,5.211845357,17.75149864,12.99885896,Day,yellow4
68,180,896,732215.6249,18,14,22.6722408,246.5,368,215.2681159,14.996664,42,0.13,2004018,119.5936113,16.19440074,-1.19773674,5.149197281,9.847466719,12.95479654,Night,darkblue
109,222,904,732215.6479,15,16,28.91491713,306,564.5,261.0574586,15.550008,42,0.16,2004018,119.6166666,16.19440074,-0.64439274,5.149197281,10.40081072,12.95479654,Night,darkblue
44,115,568,732218.6655,25,34,50.46572935,224,321.5,213.0219684,15.972216,86,0.14,2004018,122.6342591,16.12179504,-0.14957904,4.930264925,11.04195108,12.80846989,Twilight,grey50
38,103,520,732219.6909,36,29,57.97696737,307.5,300.5,249.6583493,16.58112,140,0.16,2004018,123.6596295,16.06889526,0.51222474,4.853454991,11.72766501,12.75821576,Day,yellow4
154,225,568,732219.7444,47,53,66.20913884,331.5,337.5,260.3057996,17.865552,158,0.145,2004018,123.7131483,16.06889526,1.79665674,4.853454991,13.01209701,12.75821576,Day,yellow4
110,173,504,732220.7156,29,39,54.11089109,317,323.5,239.7524752,17.174448,164,0.15,2004018,124.6843522,16.04264357,1.13180443,4.772292541,12.40215546,12.70339728,Day,yellow4
206,268,496,732220.7492,35,26,57.28772636,307,539,250.4668008,17.981112,169,0.16,2004018,124.7179631,16.04264357,1.93846843,4.772292541,13.20881946,12.70339728,Day,yellow4
49,142,744,732220.7631,35,25,44.23355705,340.5,568.5,368.4919463,18.314448,169,0.155,2004018,124.731852,16.04264357,2.27180443,4.772292541,13.54215546,12.70339728,Day,yellow4
42,113,568,732221.0468,61,41,67.07908612,301,296,235.8857645,1.123344,197,0.12,2004018,125.0155559,16.04264357,-14.91929957,4.772292541,-3.648948541,12.70339728,Day,yellow4
102,173,568,732221.0767,44,17,57.99824253,304,628.5,298.1142355,1.841112,190,0.155,2004018,125.0454634,16.04264357,-14.20153157,4.772292541,-2.931180541,12.70339728,Day,yellow4
53,105,416,732221.0941,40,15,44.44604317,321,481.5,363.7134293,2.25888,188,0.13,2004018,125.0628704,16.04264357,-13.78376357,4.772292541,-2.513412541,12.70339728,Day,yellow4
43,124,648,732221.623,23,16,23.67950693,247.5,273.5,194.6748844,14.952216,81,0.145,2004018,125.5917595,16.04264357,-1.09042757,4.691008117,10.26120788,12.64836454,Night,darkblue
45,127,656,732221.6458,22,40,33.53576865,231,332,220.9444444,15.498888,79,0.14,2004018,125.6145367,16.04264357,-0.54375557,4.691008117,10.80787988,12.64836454,Night,darkblue
155,215,480,732221.6838,18,137,47.69230769,306.5,31.5,315.0155925,16.412232,111,0.155,2004018,125.6525929,16.02089792,0.39133408,4.691008117,11.72122388,12.64836454,Twilight,grey50
46,118,576,732222.653,22,39,41.92894281,244,257.5,206.2461005,15.672216,86,0.14,2004018,126.6217593,16.02089792,-0.34868192,4.615018065,11.05719794,12.59412015,Twilight,grey50
48,113,520,732223.8867,63,38,76.23416507,316,314,229.0316699,21.281112,180,0.135,2004018,127.8554634,15.98515324,5.29595876,4.537111259,16.74400074,12.53788947,Day,yellow4
43,97,432,732223.9097,63,187,74.18937644,303.5,0,227.6362587,21.832224,188,0.14,2004018,127.8784255,15.98515324,5.84707076,4.537111259,17.29511274,12.53788947,Day,yellow4
45,132,696,732223.9318,64,179,74.84505022,300.5,0,230.6649928,22.363344,192,0.125,2004018,127.9005557,15.98515324,6.37819076,4.537111259,17.82623274,12.53788947,Day,yellow4
96,155,472,732223.9588,49,58,78.64904863,319,331.5,225.9069767,23.012232,187,0.135,2004018,127.9275929,15.98515324,7.02707876,4.537111259,18.47512074,12.53788947,Day,yellow4
96,180,672,732223.9825,58,65,61.85735513,330.5,296.5,335.3491828,23.581104,189,0.15,2004018,127.9512959,15.98515324,7.59595076,4.537111259,19.04399274,12.53788947,Day,yellow4
43,111,544,732224.612,22,17,22.11926606,236.5,197,167.7458716,14.687784,72,0.14,2004018,128.5807405,15.98515324,-1.29736924,4.464751123,10.22303288,12.47959789,Night,darkblue
39,141,816,732224.6338,23,29,32.02203182,235,396,262.4363525,15.212232,74,0.13,2004018,128.6025921,15.98515324,-0.77292124,4.464751123,10.74748088,12.47959789,Night,darkblue
113,195,656,732224.9318,63,57,75.63622527,308,301.5,237.5509893,22.363344,198,0.12,2004018,128.900556,15.97112125,6.39222275,4.464751123,17.89859288,12.47959789,Day,yellow4
145,200,440,732224.9563,52,53,76.78684807,307.5,342.5,245.739229,22.95,192,0.14,2004018,128.9249999,15.97112125,6.97887875,4.464751123,18.48524888,12.47959789,Day,yellow4
119,214,760,732225.8992,57,55,70.49408673,316.5,328.5,250.6005256,21.581112,189,0.11,2004018,129.8679625,15.96313945,5.61797255,4.392318343,17.18879366,12.42119709,Day,yellow4
134,213,632,732225.9242,47,56,65.30963665,316.5,321.5,266.6682464,22.181112,190,0.1,2004018,129.8929634,15.96313945,6.21797255,4.392318343,17.78879366,12.42119709,Day,yellow4
42,124,656,732225.9393,51,23,64.57686454,309,544.5,277.2442922,22.543344,178,0.105,2004018,129.9080559,15.96313945,6.58020455,4.392318343,18.15102566,12.42119709,Day,yellow4
44,121,616,732226.6127,22,24,19.55591572,217,257,169.3946515,14.705544,60,0.13,2004018,130.5814811,15.96313945,-1.25759545,4.32217596,10.38336804,12.35903651,Night,darkblue
55,125,560,732226.6418,20,87,25.23529412,246,56,203.2379679,15.403344,55,0.135,2004018,130.6105556,15.96313945,-0.55979545,4.32217596,11.08116804,12.35903651,Night,darkblue
162,237,600,732226.681,14,13,32.24625624,285,556,372.671381,16.343328,96,0.13,2004018,130.649722,15.95511304,0.38821496,4.32217596,12.02115204,12.35903651,Twilight,grey50
134,200,528,732227.0008,46,45,65.56521739,309.5,322,257.9130435,0.018888,186,0.11,2004018,130.9695374,15.95511304,-15.93622504,4.32217596,-4.30328796,12.35903651,Day,yellow4
109,195,688,732228.6413,16,24,33.05660377,208,511,254.1487663,15.39,58,0.14,2004018,132.6099996,15.94988112,-0.55988112,4.182760857,11.20723914,12.23287974,Night,darkblue
58,142,672,732228.6573,20,12,31.2897474,270,500.5,350.1463596,15.774456,79,0.15,2004018,132.6260184,15.94988112,-0.17542512,4.182760857,11.59169514,12.23287974,Twilight,grey50
141,201,480,732228.9382,54,43,69.99376299,309,268.5,236.9324324,22.516656,187,0.12,2004018,132.9069446,15.94455802,6.57209798,4.182760857,18.33389514,12.23287974,Day,yellow4
47,131,672,732228.9519,57,150,68.7473997,323,16.5,235.4316493,22.845552,195,0.14,2004018,132.9206479,15.94455802,6.90099398,4.182760857,18.66279114,12.23287974,Day,yellow4
164,214,400,732229.0055,61,67,76.15710723,292,286,232.8990025,0.132216,169,0.135,2004018,132.9742592,15.94455802,-15.81234202,4.182760857,-4.050544857,12.23287974,Day,yellow4
40,150,880,732230.6661,28,22,47.22474461,202.5,595,273.5646992,15.98556,99,0.16,2004018,134.6348147,15.93914667,0.04641333,4.051316403,11.9342436,12.11216973,Twilight,grey50
135,250,920,732230.6963,33,13,41.1053203,278,586,384.6140065,16.71,134,0.155,2004018,134.665,15.93372721,0.77627279,4.051316403,12.6586836,12.11216973,Day,yellow4
36,118,656,732231.5721,22,48,19.67275495,196,0.5,108.4840183,13.729992,39,0.165,2004018,135.5408333,15.93372721,-2.20373521,3.98836523,9.74162677,12.05463802,Night,darkblue
163,258,760,732231.6488,13,133,29.20762155,262,10,323.5367937,15.57,49,0.145,2004018,135.6174996,15.93372721,-0.36372721,3.98836523,11.58163477,12.05463802,Twilight,grey50
84,156,576,732232.5577,17,16,18.19757366,167.5,203.5,145.0493934,13.385544,48,0.145,2004018,136.5264818,15.92554948,-2.54000548,3.932873044,9.452670956,12.00732356,Night,darkblue
44,147,824,732232.5776,21,12,16.91757576,249,212,182.1775758,13.863336,51,0.145,2004018,136.5463891,15.92554948,-2.06221348,3.932873044,9.930462956,12.00732356,Night,darkblue
169,290,968,732232.6179,13,14,24.73993808,211,538,291.1671827,14.830008,50,0.115,2004018,136.5866671,15.92554948,-1.09554148,3.932873044,10.89713496,12.00732356,Night,darkblue
63,158,760,732232.6381,19,13,26.25492773,319.5,550,330.0137976,15.314448,57,0.13,2004018,136.6068523,15.92554948,-0.61110148,3.932873044,11.38157496,12.00732356,Night,darkblue
47,142,760,732232.8585,55,183,71.75295664,324,0,246.0249671,20.603328,184,0.125,2004018,136.8272219,15.91741431,4.68591369,3.932873044,16.67045496,12.00732356,Day,yellow4
55,139,672,732232.8844,56,63,76.55423477,313.5,294,239.6359584,21.225552,180,0.13,2004018,136.8531486,15.91741431,5.30813769,3.932873044,17.29267896,12.00732356,Day,yellow4
49,151,816,732232.9608,62,35,59.34638923,287,304,305.7876377,23.058888,178,0.135,2004018,136.929537,15.91741431,7.14147369,3.932873044,19.12601496,12.00732356,Day,yellow4
49,119,560,732234.6323,21,18,27.59536542,234,535,224.1399287,15.174456,51,0.15,2004018,138.601018,15.90223536,-0.72777936,3.817319096,11.3571369,11.91508373,Night,darkblue
120,176,448,732235.6046,15,14,20.53229399,182,154,153.2650334,14.509992,44,0.12,2004018,139.5733331,15.88729154,-1.37729954,3.758181526,10.75181047,11.87088999,Night,darkblue
37,126,712,732235.6165,22,28,20.99018233,233,211,186.4474053,14.796672,49,0.135,2004018,139.5852779,15.88729154,-1.09061954,3.758181526,11.03849047,11.87088999,Night,darkblue
43,137,752,732235.6375,22,16,27.59096946,269.5,268,230.3227092,15.298896,57,0.155,2004018,139.6062035,15.88729154,-0.58839554,3.758181526,11.54071447,11.87088999,Night,darkblue
45,112,536,732235.6621,24,60,29.5009311,302.5,237.5,266.3817505,15.889992,103,0.155,2004018,139.6308337,15.86588372,0.02410828,3.758181526,12.13181047,11.87088999,Twilight,grey50
83,192,872,732235.6946,21,11,40.57502864,420.5,599.5,350.7016037,16.669992,154,0.16,2004018,139.6633332,15.86588372,0.80410828,3.758181526,12.91181047,11.87088999,Day,yellow4
47,147,800,732236.6341,21,14,26.35081149,202,361,270.5699126,15.21888,46,0.14,2004018,140.6028709,15.86588372,-0.64700372,3.694633655,11.52424635,11.82874994,Night,darkblue
143,230,696,732236.6691,14,14,36.2266858,316,543.5,374.7582496,16.05888,98,0.115,2004018,140.6378707,15.84445451,0.21442549,3.694633655,12.36424635,11.82874994,Twilight,grey50
41,136,760,732237.6048,22,14,20.15505913,201.5,367,189.5551905,14.514456,49,0.115,2004018,141.5735183,15.84445451,-1.32999851,3.632091686,10.88236431,11.78763717,Night,darkblue
40,129,712,732237.6338,22,16,27.28611501,239,576,264.0511921,15.21,51,0.12,2004018,141.6024997,15.84445451,-0.63445451,3.632091686,11.57790831,11.78763717,Night,darkblue
200,256,448,732239.6487,13,35,38.8752784,189,308.5,219.5211581,15.567768,53,0.15,2004018,143.6174075,15.79185878,-0.22409078,3.498977806,12.06879019,11.70711903,Twilight,grey50
175,263,704,732239.673,14,14,42.46524823,320,441,328.3503546,16.152216,109,0.105,2004018,143.6417597,15.78024218,0.37197382,3.498977806,12.65323819,11.70711903,Twilight,grey50
42,109,536,732239.9351,41,54,48.0707635,336,284.5,264.4385475,22.443336,182,0.13,2004018,143.9038889,15.78024218,6.66309382,3.498977806,18.94435819,11.70711903,Day,yellow4
62,130,544,732241.6467,19,48,33.41834862,233,255.5,234.6091743,15.521112,75,0.105,2004018,145.6154627,15.75796647,-0.23685447,3.334565522,12.18654648,11.57659906,Twilight,grey50
46,148,816,732242.8615,45,43,51.41860465,309,300.5,259.373929,20.676672,182,0.12,2004018,146.8302783,15.70298817,4.97368383,3.238444105,17.4382279,11.50797778,Day,yellow4
178,255,616,732242.9016,50,15,54.83954619,285,591,298.9829822,21.63888,183,0.105,2004018,146.8703705,15.70298817,5.93589183,3.238444105,18.4004359,11.50797778,Day,yellow4
39,181,1136,732243.5286,23,13,18.69217238,254,192,153.9912049,12.68556,46,0.125,2004018,147.4973151,15.70298817,-3.01742817,3.142361329,9.543198671,11.43937316,Night,darkblue
86,215,1032,732248.5777,18,17,22.44724105,286,316.5,178.4937076,13.865544,84,0.165,2004018,152.546482,15.57183749,-1.70629349,2.656808392,11.20873561,11.08497091,Night,darkblue
83,180,776,732248.6,18,17,22.3037323,270.5,318.5,177.3635779,14.401104,65,0.155,2004018,152.5687962,15.57183749,-1.17073349,2.656808392,11.74429561,11.08497091,Night,darkblue
43,131,704,732248.6263,24,30,30.86950355,208,402,204.6148936,15.03,76,0.15,2004018,152.5950005,15.57183749,-0.54183749,2.656808392,12.37319161,11.08497091,Night,darkblue
84,223,1112,732249.5822,18,79,23.9676259,279,148,223.4554856,13.972224,84,0.115,2004018,153.5509258,15.54545018,-1.57322618,2.554252122,11.41797188,11.00880194,Night,darkblue
250,314,512,732249.6489,17,19,38.53515625,241.5,587.5,332.8388672,15.57444,85,0.165,2004018,153.6176851,15.54545018,0.02898982,2.554252122,13.02018788,11.00880194,Twilight,grey50
264,317,424,732253.9013,32,189,56.35058824,315.5,0,247.7729412,21.63,176,0.13,2004018,157.8700004,15.41015172,6.21984828,2.159160588,19.47083941,10.72445274,Day,yellow4
221,285,512,732253.9305,38,73,53.02339181,306.5,173,259.4249513,22.332216,191,0.16,2004018,157.899259,15.41015172,6.92206428,2.159160588,20.17305541,10.72445274,Day,yellow4
62,127,520,732254.5889,20,25,17.87140115,269,123.5,185.7485605,14.13444,72,0.15,2004018,158.5576847,15.41015172,-1.27571172,2.067619821,12.06682018,10.6574681,Night,darkblue
247,309,496,732254.6631,21,17,44.29778672,262,591,378.9275654,15.914448,115,0.135,2004018,158.6318514,15.38586559,0.52858241,2.067619821,13.84682818,10.6574681,Day,yellow4
54,117,504,732254.9305,38,24,41.77029703,335,332.5,286.9534653,22.332216,182,0.15,2004018,158.899259,15.38586559,6.94635041,2.067619821,20.26459618,10.6574681,Day,yellow4
121,186,520,732255.527,15,11,15.90019194,175.5,120,138.3166987,12.647784,59,0.15,2004018,159.4957407,15.38586559,-2.73808159,1.976198594,10.67158541,10.590333,Night,darkblue
45,131,688,732255.55,22,64,16.8011611,249,1,173.0878084,13.201104,66,0.165,2004018,159.5187967,15.38586559,-2.18476159,1.976198594,11.22490541,10.590333,Night,darkblue
135,211,608,732255.5913,14,127,17.67816092,276.5,0,227.1691297,14.19,70,0.155,2004018,159.56,15.38586559,-1.19586559,1.976198594,12.21380141,10.590333,Night,darkblue
265,339,592,732255.6382,11,15,30.57166948,264,551,327.1306914,15.316656,73,0.14,2004018,159.606944,15.35590358,-0.03924758,1.976198594,13.34045741,10.590333,Twilight,grey50
127,196,552,732256.5789,14,20,19.15370705,297.5,324,233.9674503,13.89444,63,0.16,2004018,160.5476853,15.35590358,-1.46146358,1.894340408,12.00009959,10.53843682,Night,darkblue
282,334,416,732256.6511,13,21,26.39088729,254.5,285.5,292.7709832,15.62556,81,0.155,2004018,160.6198151,15.325783,0.299777,1.894340408,13.73121959,10.53843682,Twilight,grey50
52,142,720,732258.5,21,12,17.74618585,280,124.5,174.4334258,11.998896,56,0.15,2004018,162.4687038,15.29458758,-3.29569158,1.741806888,10.25708911,10.44721931,Night,darkblue
119,209,720,732258.5295,15,12,17.32316227,208,193,173.3932039,12.707784,52,0.145,2004018,162.4982405,15.29458758,-2.58680358,1.741806888,10.96597711,10.44721931,Night,darkblue
65,190,1000,732258.5508,19,85,18.85214785,307,32.5,201.7392607,13.218888,58,0.155,2004018,162.5195375,15.29458758,-2.07569958,1.741806888,11.47708111,10.44721931,Night,darkblue
46,123,616,732258.5793,21,13,16.19611021,273,281,224.3095624,13.903344,55,0.15,2004018,162.5480553,15.29458758,-1.39124358,1.741806888,12.16153711,10.44721931,Night,darkblue
198,279,648,732258.6276,12,19,29.3605547,306.5,505.5,346.5007704,15.063336,66,0.125,2004018,162.5963893,15.29458758,-0.23125158,1.741806888,13.32152911,10.44721931,Twilight,grey50
36,95,472,732259.5641,23,17,19.84143763,221.5,114,124.2145877,13.53888,47,0.155,2004018,163.5328703,15.26343598,-1.72455598,1.673365926,11.86551407,10.40992995,Night,darkblue
53,160,856,732259.9873,29,13,35.63943991,299.5,174,348.0857643,23.694456,166,0.12,2004018,163.9560184,15.23756763,8.45688837,1.673365926,22.02109007,10.40992995,Day,yellow4
77,141,512,732260.5952,17,17,22.48538012,260,307.5,223.5204678,14.285544,51,0.15,2004018,164.5639816,15.23756763,-0.95202363,1.622927835,12.66261617,10.38536021,Night,darkblue
63,184,968,732261.5372,19,17,21.54179567,250,217.5,151.1676987,12.892224,55,0.135,2004018,165.5059263,15.21195659,-2.31973259,1.572098633,11.32012537,10.36014204,Night,darkblue
52,181,1032,732261.5642,20,24,25.4588577,268,361.5,170.9685382,13.541112,49,0.15,2004018,165.5329628,15.21195659,-1.67084459,1.572098633,11.96901337,10.36014204,Night,darkblue
117,212,760,732261.5975,15,15,27.84231275,227.5,621,204.9691196,14.338896,55,0.13,2004018,165.5662033,15.21195659,-0.87306059,1.572098633,12.76679737,10.36014204,Night,darkblue
45,160,920,732261.6225,22,126,34.33767644,265,40,329.8610206,14.938896,87,0.13,2004018,165.5912037,15.21195659,-0.27306059,1.572098633,13.36679737,10.36014204,Twilight,grey50
60,183,984,732262.6062,19,18,35.81522843,222,672,276.557868,14.547768,59,0.155,2004018,166.5749076,15.18923956,-0.64147156,1.533960521,13.01380748,10.34472096,Night,darkblue
52,172,960,732263.5727,20,18,22.13007284,290,326.5,199.8298647,13.745544,44,0.145,2004018,167.5414818,15.16654305,-1.42099905,1.495837644,12.24970636,10.32929459,Night,darkblue
137,277,1120,732263.6051,14,75,25.71364853,268,141,276.9843889,14.523336,45,0.165,2004018,167.5738892,15.16654305,-0.64320705,1.495837644,13.02749836,10.32929459,Night,darkblue
112,218,848,732264.5287,16,15,19.26737338,183,201.5,166.6713781,12.687768,56,0.125,2004018,168.4974074,15.14039817,-2.45263017,1.463726318,11.22404168,10.32332815,Night,darkblue
63,204,1128,732264.5472,19,12,19.20992028,299.5,284,192.5248007,13.132224,56,0.145,2004018,168.5159263,15.14039817,-2.00817417,1.463726318,11.66849768,10.32332815,Night,darkblue
39,97,464,732264.57,23,13,17.61505376,254.5,190,178.1,13.681104,56,0.135,2004018,168.5387961,15.14039817,-1.45929417,1.463726318,12.21737768,10.32332815,Night,darkblue
45,196,1208,732265.5776,21,13,21.6120761,292.5,366.5,303.7646816,13.863336,44,0.125,2004018,169.5463887,15.11464533,-1.25130933,1.431830461,12.43150554,10.31718513,Night,darkblue
235,325,720,732265.6274,12,158,27.82801664,286,0,365.2565881,15.056664,47,0.12,2004018,169.5961113,15.11464533,-0.05798133,1.431830461,13.62483354,10.31718513,Twilight,grey50
40,131,728,732266.5375,22,13,18.02743484,247,227,185.7146776,12.898896,48,0.145,2004018,170.5062037,15.09326699,-2.19437099,1.403111592,11.49578441,10.3098446,Night,darkblue
202,272,560,732266.5767,13,14,19.54367201,206,297.5,197.8752228,13.841112,56,0.14,2004018,170.5454627,15.09326699,-1.25215499,1.403111592,12.43800041,10.3098446,Night,darkblue
187,283,768,732266.6035,13,116,28.82964889,226.5,40.5,320.1306892,14.483328,54,0.17,2004018,170.5722218,15.09326699,-0.60993899,1.403111592,13.08021641,10.3098446,Night,darkblue
57,129,576,732267.524,20,19,18.41941075,313.5,286.5,198.8570191,12.576672,56,0.155,2004018,171.4927778,15.07218737,-2.49551537,1.374338125,11.20233388,10.30215076,Night,darkblue
55,187,1056,732267.5509,20,13,19.36140019,314.5,577,242.2067171,13.22112,54,0.15,2004018,171.5196296,15.07218737,-1.85106737,1.374338125,11.84678188,10.30215076,Night,darkblue
43,193,1200,732267.5759,22,22,21.64696087,297,213.5,321.0079101,13.82112,50,0.12,2004018,171.5446295,15.07218737,-1.25106737,1.374338125,12.44678188,10.30215076,Night,darkblue
57,157,800,732267.607,20,13,23.75031211,313,614.5,367.1885144,14.567784,58,0.125,2004018,171.5757408,15.07218737,-0.50440337,1.374338125,13.19344588,10.30215076,Night,darkblue
81,167,688,732268.5025,17,15,18.49201742,233,223.5,169.2583454,12.058896,55,0.13,2004018,172.471204,15.06612152,-3.00722552,1.346725677,10.71217032,10.28060415,Night,darkblue
44,156,896,732268.5278,22,12,17.29988852,282.5,248,193.1666667,12.667776,55,0.14,2004018,172.4965741,15.06612152,-2.39834552,1.346725677,11.32105032,10.28060415,Night,darkblue
123,208,680,732268.5665,15,16,18.65198238,231,271,202.4882526,13.596672,55,0.14,2004018,172.5352779,15.06612152,-1.46944952,1.346725677,12.24994632,10.28060415,Night,darkblue
68,233,1320,732269.5415,18,12,20.76835731,334.5,379,256.67676,12.996672,56,0.14,2004018,173.5102773,15.0601253,-2.0634533,1.319385639,11.67728636,10.25926034,Night,darkblue
44,119,600,732269.5641,22,17,19.84359401,275.5,306,191.8793677,13.53888,57,0.13,2004018,173.5328701,15.0601253,-1.5212453,1.319385639,12.21949436,10.25926034,Night,darkblue
51,186,1080,732269.5906,20,16,25.06845513,306,260.5,328.1045328,14.174448,55,0.16,2004018,173.5593522,15.0601253,-0.8856773,1.319385639,12.85506236,10.25926034,Night,darkblue
63,141,624,732269.6169,20,24,29.4672,331,456,332.056,14.805552,84,0.145,2004018,173.5856483,15.0601253,-0.2545733,1.319385639,13.48616636,10.25926034,Twilight,grey50
40,136,768,732270.5267,23,11,17.80884265,272.5,387,286.4382315,12.641112,55,0.14,2004018,174.4954627,15.06812163,-2.42700963,1.295945759,11.34516624,10.22782413,Night,darkblue
55,159,832,732271.4691,21,13,17.15846339,343,324.5,254.3139256,11.25888,52,0.155,2004018,175.4378706,15.07611875,-3.81723875,1.272517596,9.986362404,10.19639884,Night,darkblue
154,293,1112,732271.5115,14,13,17.68643306,314.5,289,241.7982929,12.276672,53,0.14,2004018,175.4802783,15.07611875,-2.79944675,1.272517596,11.0041544,10.19639884,Night,darkblue
194,318,992,732271.5763,13,15,25.38670695,316,639,309.9561934,13.832232,54,0.135,2004018,175.545093,15.07611875,-1.24388675,1.272517596,12.5597144,10.19639884,Night,darkblue
72,165,744,732272.5822,18,17,23.32483221,266.5,212,158.9744966,13.972224,50,0.14,2004018,176.5509257,15.09232347,-1.12009947,1.255762291,12.71646171,10.16343882,Night,darkblue
38,162,992,732272.6056,23,26,35.85699899,215.5,325.5,225.2129909,14.534448,62,0.13,2004018,176.5743515,15.09232347,-0.55787547,1.255762291,13.27868571,10.16343882,Night,darkblue
53,125,576,732272.6359,23,100,33.20970537,253,84,286.5615251,15.26112,117,0.15,2004018,176.6046294,15.10866964,0.15245036,1.255762291,14.00535771,10.16343882,Twilight,grey50
77,144,536,732272.7797,26,15,47.03724395,306,638,305.3212291,18.712224,187,0.12,2004018,176.7484256,15.10866964,3.60355436,1.255762291,17.45646171,10.16343882,Day,yellow4
52,128,608,732273.5449,20,14,22.0180624,274.5,154,154.547619,13.076664,49,0.13,2004018,177.5136108,15.10866964,-2.03200564,1.239102472,11.83756153,10.13043283,Night,darkblue
54,179,1000,732273.5712,20,45,23.15084915,251,218.5,178.959041,13.707768,48,0.15,2004018,177.539907,15.10866964,-1.40090164,1.239102472,12.46866553,10.13043283,Night,darkblue
43,186,1144,732273.5917,22,121,31.89082969,275,55,235.4187773,14.201112,53,0.145,2004018,177.5604625,15.10866964,-0.90755764,1.239102472,12.96200953,10.13043283,Night,darkblue
44,99,440,732273.6162,22,15,24.92063492,238,289,198.824263,14.787768,74,0.115,2004018,177.5849071,15.10866964,-0.32090164,1.239102472,13.54866553,10.13043283,Twilight,grey50
52,102,400,732274.5489,20,14,17.38653367,210,225.5,159.5511222,13.17444,45,0.15,2004018,178.5176848,15.13729279,-1.96285279,1.225730668,11.94870933,10.08843788,Night,darkblue
166,264,784,732274.5888,13,13,24.65605096,233.5,599,322.6694268,14.13,44,0.155,2004018,178.5575004,15.13729279,-1.00729279,1.225730668,12.90426933,10.08843788,Night,darkblue
52,112,480,732274.6759,26,17,29.53430353,322.5,324.5,283.5966736,16.22112,155,0.11,2004018,178.6446298,15.16599876,1.05512124,1.225730668,14.99538933,10.08843788,Day,yellow4
43,152,872,732275.5833,22,16,23.01947308,269.5,309.5,203.4828179,13.998888,45,0.125,2004018,179.5520375,15.16599876,-1.16711076,1.212485276,12.78640272,10.04648651,Night,darkblue
46,177,1048,732275.6062,21,13,25.59485224,291.5,572.5,275.4971401,14.547768,48,0.125,2004018,179.5749073,15.16599876,-0.61823076,1.212485276,13.33528272,10.04648651,Night,darkblue
44,120,608,732275.6288,22,144,23.83743842,302,2,261.6330049,15.09,79,0.12,2004018,179.5975001,15.16599876,-0.07599876,1.212485276,13.87751472,10.04648651,Twilight,grey50
41,145,832,732276.545,22,13,18.07442977,250.5,203.5,214.7286915,13.081104,86,0.125,2004018,180.5137963,15.21030715,-2.12920315,1.201654386,11.87944961,9.991347236,Night,darkblue
45,133,704,732276.572,22,16,19.70780142,274,298.5,222.2801418,13.727784,81,0.12,2004018,180.5407407,15.21030715,-1.48252315,1.201654386,12.52612961,9.991347236,Night,darkblue
190,257,536,732277.5597,13,15,20.17132216,226.5,291,193.4171322,13.432224,76,0.135,2004018,181.5284256,15.25406972,-1.82184572,1.190713741,12.24151026,9.936644026,Night,darkblue
186,245,472,732277.586,13,64,19.2346723,235.5,12,214.6067653,14.063328,74,0.13,2004018,181.5547222,15.25406972,-1.19074172,1.190713741,12.87261426,9.936644026,Night,darkblue
41,108,536,732278.5601,23,14,18.46554935,270,48,198.0074488,13.443336,93,0.125,2004018,182.5288893,15.30124704,-1.85791104,1.181460132,12.26187587,9.880213092,Night,darkblue
53,159,848,732278.5883,21,62,20.12720848,309.5,147,310.5524146,14.118888,90,0.155,2004018,182.5570374,15.30124704,-1.18235904,1.181460132,12.93742787,9.880213092,Night,darkblue
67,142,600,732279.5003,19,26,25.32279534,237.5,148,170.5407654,12.007776,83,0.145,2004018,183.4690737,15.34777355,-3.33999755,1.172415764,10.83536024,9.824642218,Night,darkblue
98,159,488,732279.5238,17,14,23.78936605,214,104.5,170.8149284,12.572232,90,0.15,2004018,183.4925931,15.34777355,-2.77554155,1.172415764,11.39981624,9.824642218,Night,darkblue
52,177,1000,732279.5964,21,57,32.24775225,225.5,176.5,229.0804196,14.31444,74,0.13,2004018,183.5651848,15.34777355,-1.03333355,1.172415764,13.14202424,9.824642218,Night,darkblue
59,144,680,732279.6195,20,13,28.58883994,232,363.5,274.5939794,14.867784,81,0.14,2004018,183.588241,15.34777355,-0.47998955,1.172415764,13.69536824,9.824642218,Twilight,grey50
186,263,616,732279.6534,13,109,37.363047,297.5,87.5,368.2171799,15.68112,105,0.13,2004018,183.6221292,15.3873977,0.2937223,1.172415764,14.50870424,9.824642218,Twilight,grey50
38,130,736,732280.5605,23,75,19.43283582,256,0.5,196.2042062,13.452216,72,0.155,2004018,184.5292595,15.3873977,-1.9351817,1.168392545,12.28382346,9.780994842,Night,darkblue
50,97,376,732280.5849,21,13,18.92838196,262.5,255.5,218.5769231,14.036664,69,0.135,2004018,184.5536106,15.3873977,-1.3507337,1.168392545,12.86827146,9.780994842,Night,darkblue
52,157,840,732280.6075,21,64,20.58382878,294.5,108.5,246.6599287,14.578896,65,0.12,2004018,184.5762038,15.3873977,-0.8085017,1.168392545,13.41050346,9.780994842,Night,darkblue
156,214,464,732280.6435,14,147,24.44516129,295,0,253.0043011,15.443328,75,0.14,2004018,184.6122224,15.3873977,0.0559303,1.168392545,14.27493546,9.780994842,Twilight,grey50
38,153,920,732281.5057,23,17,20.46145494,258.5,260.5,186.5689468,12.136656,86,0.145,2004018,185.4744445,15.42719548,-3.29053948,1.16435454,10.97230146,9.737159063,Night,darkblue
48,170,976,732281.5326,21,16,19.75844422,292.5,366,204.0020471,12.783336,84,0.14,2004018,185.5013884,15.42719548,-2.64385948,1.16435454,11.61898146,9.737159063,Night,darkblue
57,123,528,732281.5623,20,9,17.28733459,304.5,140.5,218.6909263,13.494456,76,0.165,2004018,185.5310188,15.42719548,-1.93273948,1.16435454,12.33010146,9.737159063,Night,darkblue
47,138,728,732281.5864,22,16,20.31001372,299,259.5,237.6886145,14.07444,76,0.13,2004018,185.5551849,15.42719548,-1.35275548,1.16435454,12.91008546,9.737159063,Night,darkblue
49,174,1000,732282.5422,21,12,19.32367632,299.5,258.5,225.511988,13.012224,77,0.11,2004018,186.510926,15.45367755,-2.44145355,1.163536923,11.84868708,9.709859369,Night,darkblue
154,288,1072,732282.5811,14,38,23.8471575,252.5,240,227.5936626,13.94556,61,0.11,2004018,186.5498153,15.45367755,-1.50811755,1.163536923,12.78202308,9.709859369,Night,darkblue
55,169,912,732283.5926,21,12,20.28587076,263,306,215.8860898,14.223336,85,0.13,2004018,187.5613886,15.48007748,-1.25674148,1.16271692,13.06061908,9.682639442,Night,darkblue
47,132,680,732283.6214,22,61,26.72246696,251,144.5,225.8127753,14.91444,84,0.12,2004018,187.5901849,15.48007748,-0.56563748,1.16271692,13.75172308,9.682639442,Night,darkblue
44,136,736,732285.5773,22,39,20.8385346,257,89.5,167.7204885,13.854456,71,0.15,2004018,189.5460181,15.51073086,-1.65627486,1.155566305,12.6988897,9.644835447,Night,darkblue
40,207,1336,732285.5974,23,15,24.73298429,262,554,289.237472,14.336664,72,0.125,2004018,189.5661107,15.51073086,-1.17406686,1.155566305,13.1810977,9.644835447,Night,darkblue
48,166,944,732285.6219,21,38,26.38835979,286,270.5,299.2084656,14.925552,68,0.13,2004018,189.5906484,15.51073086,-0.58517886,1.155566305,13.7699857,9.644835447,Night,darkblue
58,142,672,732286.5847,20,19,19.35958395,316,279,226.1879643,14.032224,70,0.135,2004018,190.5534264,15.51582108,-1.48359708,1.151797336,12.88042666,9.635976259,Night,darkblue
38,88,400,732287.5864,23,19,22.18,232,258,169.3725,14.07444,59,0.16,2004018,191.5551855,15.52094205,-1.44650205,1.148113121,12.92632688,9.627171072,Night,darkblue
55,117,496,732287.6399,20,16,32.28973843,257,610.5,254.1629779,15.356664,75,0.14,2004018,191.6086116,15.52094205,-0.16427805,1.148113121,14.20855088,9.627171072,Twilight,grey50
36,127,728,732288.5705,24,13,19.1563786,248.5,248,181.28738,13.692216,56,0.13,2004018,192.5392593,15.51489772,-1.82268172,1.147654109,12.54456189,9.632756394,Night,darkblue
43,134,728,732288.5968,22,15,21.65843621,262,628.5,238.7585734,14.323344,59,0.14,2004018,192.5655555,15.51489772,-1.19155372,1.147654109,13.17568989,9.632756394,Night,darkblue
108,184,608,732289.5464,16,14,18.09852217,260.5,245.5,189.9236453,13.11444,54,0.16,2004018,193.515185,15.50890287,-2.39446287,1.14719583,11.96724417,9.638292959,Night,darkblue
42,107,520,732289.5663,22,10,16.42802303,259,163,212.6650672,13.59,54,0.135,2004018,193.5349999,15.50890287,-1.91890287,1.14719583,12.44280417,9.638292959,Night,darkblue
172,270,784,732289.6051,13,20,26.42165605,269,588,293.5286624,14.523336,47,0.12,2004018,193.5738889,15.50890287,-0.98556687,1.14719583,13.37614017,9.638292959,Night,darkblue
37,104,536,732290.5482,22,17,19.65735568,240.5,285.5,189.5223464,13.156656,41,0.14,2004018,194.5169449,15.49211309,-2.33545709,1.15071941,12.00593659,9.658606323,Night,darkblue
46,133,696,732290.5704,21,13,18.47919656,277,237.5,215.1319943,13.690008,49,0.135,2004018,194.5391663,15.49211309,-1.80210509,1.15071941,12.53928859,9.658606323,Night,darkblue
56,117,488,732291.6333,20,25,21.47852761,299,218,253.8578732,15.198888,62,0.145,2004018,195.6020372,15.47521056,-0.27632256,1.154236277,14.04465172,9.679025713,Twilight,grey50
47,130,664,732292.5741,21,13,19.01804511,285,216.5,213.9736842,13.77888,56,0.12,2004018,196.5428709,15.45333085,-1.67445085,1.157377639,12.62150236,9.704046794,Night,darkblue
171,221,400,732292.6325,13,14,21.54114713,240,264,252.2481297,15.181104,64,0.11,2004018,196.6012963,15.45333085,-0.27222685,1.157377639,14.02372636,9.704046794,Twilight,grey50
44,171,1016,732293.5807,22,13,21.04916421,309.5,552.5,245.4764012,13.936656,51,0.115,2004018,197.5494441,15.43158239,-1.49492639,1.160517436,12.77613856,9.728935043,Night,darkblue
42,161,952,732293.6045,22,38,24.3683106,282,240.5,278.7948583,14.507784,49,0.13,2004018,197.5732409,15.43158239,-0.92379839,1.160517436,13.34726656,9.728935043,Night,darkblue
112,227,920,732293.6362,16,175,25.40282302,302,0,380.9663409,15.267768,74,0.105,2004018,197.6049074,15.43158239,-0.16381439,1.160517436,14.10725056,9.728935043,Twilight,grey50
71,206,1080,732294.2275,18,14,18.54024052,241.5,427.5,272.6711378,5.458896,48,0.095,2004018,198.1962041,15.41803718,-9.95914118,1.167624053,4.291271947,9.74958687,Night,darkblue
38,197,1272,732295.5583,23,17,24.16025137,239,475.5,196.6433621,13.398888,56,0.115,2004018,199.5270375,15.40460934,-2.00572134,1.174796876,12.22409112,9.770187538,Night,darkblue
56,171,920,732295.5812,20,151,24.30184582,268.5,0,185.9587405,13.947768,55,0.12,2004018,199.5499072,15.40460934,-1.45684134,1.174796876,12.77297112,9.770187538,Night,darkblue
40,164,992,732295.6013,22,12,23.94058409,201.5,393.5,263.8016113,14.43,56,0.09,2004018,199.5699997,15.40460934,-0.97460934,1.174796876,13.25520312,9.770187538,Night,darkblue
36,114,624,732298.2177,23,13,19.92,190,355,254.1824,5.225544,56,0.13,2004018,202.1864813,15.38495685,-10.15941285,1.22378752,4.00175648,9.838830669,Night,darkblue
43,183,1120,732298.6075,22,26,32.40321142,265.5,453.5,258.8996432,14.578896,51,0.095,2004018,202.5762035,15.38495685,-0.80606085,1.22378752,13.35510848,9.838830669,Night,darkblue
122,201,632,732298.6358,15,12,31.48341232,226,537.5,277.7890995,15.258888,74,0.09,2004018,202.6045373,15.38495685,-0.12606885,1.22378752,14.03510048,9.838830669,Twilight,grey50
50,166,928,732300.6019,20,67,29.06781485,270,148.5,266.646394,14.445552,47,0.095,2004018,204.5706486,15.38260176,-0.93704976,1.262926454,13.18262555,9.880324691,Night,darkblue
44,121,616,732301.0929,22,75,24.57050243,241.5,0,170.1790924,2.230008,75,0.1,2004018,205.0616671,15.38560972,-13.15560172,1.281963833,0.948044167,9.896354112,Night,darkblue
40,138,784,732301.1378,23,15,25.17070064,271,471.5,196.5745223,3.307776,71,0.1,2004018,205.1065737,15.38560972,-12.07783372,1.281963833,2.025812167,9.896354112,Night,darkblue
42,173,1048,732301.5833,21,13,24.2049571,247.5,509,240.1067684,13.998888,44,0.09,2004018,205.5520369,15.38560972,-1.38672172,1.281963833,12.71692417,9.896354112,Night,darkblue
51,184,1064,732301.6043,20,17,29.28262911,266,509,277.2323944,14.503344,42,0.1,2004018,205.5730552,15.38560972,-0.88226572,1.281963833,13.22138017,9.896354112,Night,darkblue
49,131,656,732302.3106,21,22,26.23287671,235,179.5,133.06621,7.454448,74,0.09,2004018,206.279352,15.39585123,-7.94140323,1.300652857,6.153795143,9.904801628,Night,darkblue
36,125,712,732302.3256,23,17,25.83309958,191.5,166.5,129.5070126,7.814448,74,0.09,2004018,206.2943523,15.39585123,-7.58140323,1.300652857,6.513795143,9.904801628,Night,darkblue
43,128,680,732302.458,22,32,22.60499266,200.5,87.5,161.3164464,10.992216,58,0.13,2004018,206.4267595,15.39585123,-4.40363523,1.300652857,9.691563143,9.904801628,Night,darkblue
44,124,640,732304.5112,22,13,19.56786271,275,166.5,200.9539782,12.267768,71,0.12,2004018,208.4799071,15.41582066,-3.14805266,1.337911645,10.92985636,9.922090983,Night,darkblue
47,141,752,732304.5337,21,21,19.68658699,274.5,278.5,189.8353254,12.807768,62,0.1,2004018,208.5024079,15.41582066,-2.60805266,1.337911645,11.46985636,9.922090983,Night,darkblue
43,225,1456,732304.5552,22,83,27.38572409,284.5,133.5,254.5628003,13.325544,58,0.095,2004018,208.5239815,15.41582066,-2.09027666,1.337911645,11.98763236,9.922090983,Night,darkblue
44,140,768,732304.5791,21,126,21.34850455,274.5,0.5,276.1228869,13.89888,54,0.095,2004018,208.5478701,15.41582066,-1.51694066,1.337911645,12.56096836,9.922090983,Night,darkblue
41,124,664,732305.549,22,19,22.96992481,248,242.5,147.2105263,13.176672,65,0.085,2004018,209.5177773,15.42551987,-2.24884787,1.356623977,11.82004802,9.931104108,Night,darkblue
35,119,672,732305.5641,23,18,23.08469539,205.5,211.5,146.910104,13.53888,54,0.1,2004018,209.5328707,15.42551987,-1.88663987,1.356623977,12.18225602,9.931104108,Night,darkblue
38,120,656,732305.5787,23,19,24.36681887,211,236.5,148.9277017,13.887768,53,0.11,2004018,209.5474075,15.42551987,-1.53775187,1.356623977,12.53114402,9.931104108,Night,darkblue
43,108,520,732305.6232,22,19,34.93090211,232,292.5,169.6209213,14.956656,56,0.115,2004018,209.5919445,15.42551987,-0.46886387,1.356623977,13.60003202,9.931104108,Twilight,grey50
46,120,592,732305.6847,26,162,42.15514334,321,0,321.6205734,16.432224,144,0.085,2004018,209.6534263,15.43320222,0.99902178,1.356623977,15.07560002,9.931104108,Day,yellow4
85,150,520,732305.9349,29,82,54.00959693,297,117.5,214.584453,22.436664,171,0.09,2004018,209.9036114,15.43320222,7.00346178,1.356623977,21.08004002,9.931104108,Day,yellow4
42,125,664,732306.0777,23,20,26.08571429,267.5,540,289.381203,1.865544,81,0.115,2004018,210.0464819,15.43320222,-13.56765822,1.373778952,0.491765048,9.940576729,Twilight,grey50
54,208,1232,732306.5139,20,12,19.29115977,282.5,566.5,344.86618,12.33444,79,0.1,2004018,210.482685,15.43320222,-3.09876222,1.373778952,10.96066105,9.940576729,Night,darkblue
38,118,640,732307.0913,23,16,24.46801872,249.5,216.5,188.0881435,2.19,75,0.11,2004018,211.0599995,15.44083359,-13.25083359,1.391122044,0.798877956,9.950288449,Night,darkblue
46,151,840,732307.11,22,15,24.82401903,264,86,187.9268728,2.641104,80,0.11,2004018,211.0787963,15.44083359,-12.79972959,1.391122044,1.249981956,9.950288449,Night,darkblue
65,133,544,732307.1295,19,20,26.28807339,274,276,185.2541284,3.107784,81,0.12,2004018,211.0982405,15.44083359,-12.33304959,1.391122044,1.716661956,9.950288449,Night,darkblue
38,84,368,732307.1599,23,22,25.2899729,261.5,263.5,186.6897019,3.836664,87,0.105,2004018,211.1286115,15.44083359,-11.60416959,1.391122044,2.445541956,9.950288449,Night,darkblue
57,142,680,732307.1954,20,36,26.0660793,271,92.5,230.8568282,4.690008,74,0.125,2004018,211.1641668,15.44083359,-10.75082559,1.391122044,3.298885956,9.950288449,Night,darkblue
61,130,552,732307.4011,20,20,26.01808318,244,255.5,171.8508137,9.62556,81,0.115,2004018,211.3698151,15.44083359,-5.81527359,1.391122044,8.234437956,9.950288449,Night,darkblue
97,154,456,732307.4208,17,96,25.15754923,215.5,0,175.8730853,10.098888,89,0.115,2004018,211.3895375,15.44083359,-5.34194559,1.391122044,8.707765956,9.950288449,Night,darkblue
43,107,512,732308.2299,23,16,23.75633528,287,237.5,211.7758285,5.516664,90,0.1,2004018,212.1986115,15.44703027,-9.93036627,1.410154416,4.106509584,9.963124144,Night,darkblue
64,134,560,732308.2532,19,12,22.49197861,284,563,283.1131907,6.076656,89,0.095,2004018,212.2219449,15.44703027,-9.37037427,1.410154416,4.666501584,9.963124144,Night,darkblue
42,140,784,732308.2715,23,19,23.52101911,273.5,596.5,355.4687898,6.516672,100,0.11,2004018,212.2402779,15.44703027,-8.93035827,1.410154416,5.106517584,9.963124144,Night,darkblue
92,199,856,732308.5704,17,66,21.69194866,263,55,201.9317386,13.690008,83,0.095,2004018,212.5391665,15.44703027,-1.75702227,1.410154416,12.27985358,9.963124144,Night,darkblue
46,182,1088,732308.5881,22,15,26.9164371,271,542.5,243.4508724,14.114448,92,0.11,2004018,212.5568523,15.44703027,-1.33258227,1.410154416,12.70429358,9.963124144,Night,darkblue
81,157,608,732308.6124,18,15,23.74055829,268.5,291,224.2454844,14.696664,83,0.11,2004018,212.581111,15.44703027,-0.75036627,1.410154416,13.28650958,9.963124144,Night,darkblue
32,143,888,732309.3275,25,14,27.3295838,250,159,222.1704162,7.861104,86,0.1,2004018,213.296296,15.45325937,-7.59215537,1.429209639,6.431894361,9.975950268,Night,darkblue
74,135,488,732309.4207,19,73,28.87116564,254.5,0,168.3865031,10.096656,82,0.09,2004018,213.3894449,15.45325937,-5.35660337,1.429209639,8.667446361,9.975950268,Night,darkblue
44,113,552,732309.5874,23,17,24.10488246,223.5,543,272.4755877,14.096664,90,0.115,2004018,213.5561111,15.45325937,-1.35659537,1.429209639,12.66745436,9.975950268,Night,darkblue
87,139,416,732309.8611,21,24,54.91606715,327.5,495.5,241.2266187,20.66556,153,0.1,2004018,213.8298146,15.45450633,5.21105367,1.429209639,19.23635036,9.975950268,Day,yellow4
121,163,336,732309.8855,19,101,54.6231454,301.5,90,307.2982196,21.252216,181,0.11,2004018,213.8542597,15.45450633,5.79770967,1.429209639,19.82300636,9.975950268,Day,yellow4
44,97,424,732309.9424,33,30,52.30588235,308,289,227.5447059,22.616664,133,0.1,2004018,213.9111111,15.45450633,7.16215767,1.429209639,21.18745436,9.975950268,Day,yellow4
88,141,424,732309.9668,23,20,49.86588235,312,308,226.2811765,23.203344,171,0.1,2004018,213.9355551,15.45450633,7.74883767,1.429209639,21.77413436,9.975950268,Day,yellow4
44,116,576,732310.4695,22,17,25.78162912,264.5,206,181.9592721,11.267784,90,0.115,2004018,214.4382411,15.45450633,-4.18672233,1.453416972,9.814367028,9.998910637,Night,darkblue
51,139,704,732310.4872,21,24,28.30212766,269.5,203.5,156.3574468,11.692224,92,0.125,2004018,214.4559262,15.45450633,-3.76228233,1.453416972,10.23880703,9.998910637,Night,darkblue
49,119,560,732310.5344,21,21,29.46345811,245,252,139.5819964,12.825552,89,0.13,2004018,214.503148,15.45450633,-2.62895433,1.453416972,11.37213503,9.998910637,Night,darkblue
47,131,672,732310.5533,22,38,28.12630015,226,59,153.8298663,13.278888,93,0.145,2004018,214.5220369,15.45450633,-2.17561833,1.453416972,11.82547103,9.998910637,Night,darkblue
41,101,480,732310.5684,23,17,25.17463617,216.5,43,169.8316008,13.64112,85,0.12,2004018,214.5371293,15.45450633,-1.81338633,1.453416972,12.18770303,9.998910637,Night,darkblue
46,141,760,732310.5855,22,132,26.79237845,253,0,247.9605782,14.052216,83,0.14,2004018,214.5542593,15.45450633,-1.40229033,1.453416972,12.59879903,9.998910637,Night,darkblue
53,139,688,732310.6029,21,16,27.22351234,273.5,547,298.2648766,14.470008,85,0.14,2004018,214.5716664,15.45450633,-0.98449833,1.453416972,13.01659103,9.998910637,Night,darkblue
46,136,720,732311.5404,22,16,22.61026352,301,266,204.5097087,12.970008,88,0.11,2004018,215.5091663,15.45574956,-2.48574156,1.477964774,11.49204323,10.02221521,Night,darkblue
97,187,720,732311.5658,16,12,21.9556172,283.5,454,256.1303745,13.578888,83,0.135,2004018,215.5345375,15.45574956,-1.87686156,1.477964774,12.10092323,10.02221521,Night,darkblue
121,174,424,732311.589,15,14,22.94823529,263,542,260.4552941,14.136672,80,0.105,2004018,215.5577777,15.45574956,-1.31907756,1.477964774,12.65870723,10.02221521,Night,darkblue
73,146,584,732312.4007,18,18,24.30769231,339,253,195.9059829,9.616656,83,0.1,2004018,216.3694443,15.44882796,-5.83217196,1.507150778,8.109505222,10.05832281,Night,darkblue
42,162,960,732312.4166,22,19,24.87200832,286,290,186.6727367,9.99888,81,0.125,2004018,216.3853699,15.44882796,-5.44994796,1.507150778,8.491729222,10.05832281,Night,darkblue
46,136,720,732312.4352,22,26,25.2371706,279,199.5,182.351595,10.445544,79,0.11,2004018,216.4039813,15.44882796,-5.00328396,1.507150778,8.938393222,10.05832281,Night,darkblue
45,148,824,732312.4523,22,15,24.62666667,275.5,208,195.0812121,10.854456,79,0.115,2004018,216.4210187,15.44882796,-4.59437196,1.507150778,9.347305222,10.05832281,Night,darkblue
44,150,848,732312.4694,22,14,24.4581861,292,97.5,196.1984688,11.265552,75,0.15,2004018,216.4381481,15.44882796,-4.18327596,1.507150778,9.758401222,10.05832281,Night,darkblue
48,138,720,732312.4866,21,25,25.76560333,297,244,190.0554785,11.67888,78,0.115,2004018,216.4553704,15.44882796,-3.76994796,1.507150778,10.17172922,10.05832281,Night,darkblue
49,146,776,732312.5039,21,17,25.01801802,302,263,194.8770914,12.09444,81,0.135,2004018,216.472685,15.44882796,-3.35438796,1.507150778,10.58728922,10.05832281,Night,darkblue
47,127,640,732312.5378,21,14,23.85959438,295,672.5,241.9477379,12.907776,72,0.12,2004018,216.5065739,15.44882796,-2.54105196,1.507150778,11.40062522,10.05832281,Night,darkblue
65,144,632,732312.5563,19,17,25.23380727,269.5,250.5,257.0774092,13.352232,76,0.105,2004018,216.5250925,15.44882796,-2.09659596,1.507150778,11.84508122,10.05832281,Night,darkblue
63,120,456,732316.5686,20,15,22.24726477,220.5,209,162.4496718,13.64556,64,0.135,2004018,220.5373143,15.40420951,-1.75864951,1.645466999,12.000093,10.24125749,Night,darkblue
90,165,600,732316.5896,17,16,24.31780366,203.5,284,168.7861897,14.149992,68,0.115,2004018,220.5583333,15.40420951,-1.25421751,1.645466999,12.504525,10.24125749,Night,darkblue
31,162,1048,732321.3778,24,15,21.87702574,221.5,53,127.3312679,9.067776,41,0.11,2004018,225.3465744,15.25180867,-6.18403267,1.790350387,7.277425613,10.53854172,Night,darkblue
52,126,592,732325.6122,20,24,40.33895447,215,320,178.9485666,14.692224,61,0.11,2004018,229.5809258,15.07611082,-0.38388682,1.830390165,12.86183384,10.75427934,Twilight,grey50
48,137,712,732328.4526,21,21,22.7826087,204.5,381.5,267.2931276,10.863336,55,0.135,2004018,232.4213884,14.93681953,-4.07348353,1.850184866,9.013151134,10.91336533,Night,darkblue
